LL XC,HL XC,HL Atoms,Post-HF Method,Basis,OH-H Distance,Total DFT Energy (A-in-B),AB LL Energy,A HL Energy,A LL Energy,PB Correction,AB_LL Time,A_LL Time,A_HL Time
PBE,PBE,4,N/A,NAO-VCC-3Z,4.062030686488679,-14854.759251246578,-14854.759251246578,-4068.7034480577368,-4068.703448057737,3.0588339423875956e-14,23.219706058502197,3.3526620864868164,4.122175216674805
PBE,PBE,4,N/A,NAO-VCC-3Z,4.362030686488679,-14854.751793357573,-14854.751793357565,-4068.7880902650622,-4068.788090265055,-3.700811436468943e-14,23.2121741771698,3.295164108276367,4.083070755004883
PBE,PBE,4,N/A,NAO-VCC-3Z,4.162030686488679,-14854.756476765682,-14854.756476765684,-4068.734283133379,-4068.7342831333785,-1.2839549881626945e-14,23.18527603149414,3.352492570877075,4.121397256851196
PBE,PBE,4,N/A,NAO-VCC-3Z,4.2620306864886786,-14854.754003516444,-14854.75400351643,-4068.758921133429,-4068.7589211334166,-9.818479321244133e-15,23.182213306427002,3.3549158573150635,4.1199047565460205
PBE,PBE,4,N/A,NAO-VCC-3Z,3.662030686488679,-14854.77415256699,-14854.774152566997,-4068.5998053537114,-4068.5998053537187,2.643436740334959e-15,23.18644142150879,3.362938642501831,4.192083120346069
PBE,PBE,4,N/A,NAO-VCC-3Z,3.762030686488679,-14854.769757093347,-14854.769757093345,-4068.610171955602,-4068.6101719556004,4.682659368593356e-14,23.21550989151001,3.4069406986236572,4.210256576538086
PBE,PBE,4,N/A,NAO-VCC-3Z,3.5620306864886793,-14854.779094564785,-14854.779094564781,-4068.554894476682,-4068.5548944766783,5.022529806636422e-14,23.226828813552856,3.360316276550293,4.197600364685059
PBE,PBE,4,N/A,NAO-VCC-3Z,3.86203068648868,-14854.765839334385,-14854.765839334386,-4068.6427162971804,-4068.642716297182,-5.6645073007177695e-15,23.239885330200195,3.4387869834899902,4.164769411087036
PBE,PBE,4,N/A,NAO-VCC-3Z,3.962030686488679,-14854.762355496416,-14854.76235549641,-4068.673435397771,-4068.6734353977663,-1.5860620442009756e-14,23.20873999595642,3.405132293701172,4.2064268589019775
PBE,PBE,4,N/A,NAO-VCC-3Z,3.4620306864886787,-14854.784650933732,-14854.784650933741,-4068.5212750685705,-4068.5212750685787,-6.533065086827828e-14,23.212737798690796,3.4376380443573,4.228775262832642
PBE,PBE,4,N/A,NAO-VCC-3Z,3.362030686488679,-14854.790890120095,-14854.790890120106,-4068.501351702615,-4068.5013517026237,-1.661588808210546e-14,23.440792560577393,3.350857734680176,4.310549020767212
PBE,PBE,4,N/A,NAO-VCC-3Z,3.2620306864886794,-14854.797898290337,-14854.797898290337,-4068.4757055441924,-4068.4757055441914,2.87001703236367e-14,23.672012090682983,3.416002035140991,4.430166721343994
PBE,PBE,4,N/A,NAO-VCC-3Z,3.162030686488679,-14854.805760197387,-14854.805760197392,-4068.4371658133387,-4068.4371658133446,-2.1902761562775375e-14,23.790911436080933,3.5801284313201904,4.308332204818726
PBE,PBE,4,N/A,NAO-VCC-3Z,3.0620306864886793,-14854.81457147987,-14854.814571479868,-4068.4155932818,-4068.4155932817976,3.549757908449802e-14,23.80716323852539,3.5098042488098145,4.429385662078857
PBE,PBE,4,N/A,NAO-VCC-3Z,2.9620306864886796,-14854.824427610874,-14854.82442761088,-4068.379797120954,-4068.3797971209583,-4.9092396606220667e-14,23.923779726028442,3.464815616607666,4.373507261276245
PBE,PBE,4,N/A,NAO-VCC-3Z,2.7620306864886794,-14854.847616885894,-14854.847616885896,-4068.311998207083,-4068.3119982070857,-2.87001703236367e-14,24.187589168548584,3.5317394733428955,4.411223649978638
PBE,PBE,4,N/A,NAO-VCC-3Z,2.6620306864886794,-14854.861071883677,-14854.861071883674,-4068.2838050469727,-4068.283805046969,2.567909976325389e-14,24.329724311828613,3.491938591003418,4.530514478683472
PBE,PBE,4,N/A,NAO-VCC-3Z,2.862030686488679,-14854.835416581915,-14854.83541658191,-4068.349424461784,-4068.3494244617787,-1.0951380781387688e-14,24.420697689056396,3.4965460300445557,4.4489781856536865
PBE,PBE,4,N/A,NAO-VCC-3Z,2.5620306864886793,-14854.875765619887,-14854.875765619885,-4068.244020429608,-4068.2440204296063,-2.001459246253612e-14,24.538782358169556,3.541264295578003,4.4640796184539795
PBE,PBE,4,N/A,NAO-VCC-3Z,2.462030686488679,-14854.891586239572,-14854.891586239572,-4068.210668077533,-4068.2106680775332,-1.2839549881626945e-14,24.8782217502594,3.6149747371673584,4.566465377807617
PBE,PBE,4,N/A,NAO-VCC-3Z,2.262030686488679,-14854.925255445063,-14854.925255445065,-4068.1196692118333,-4068.1196692118356,-1.3972451341770499e-14,25.13236904144287,3.678493022918701,4.790369272232056
PBE,PBE,4,N/A,NAO-VCC-3Z,2.362030686488679,-14854.90826179275,-14854.908261792742,-4068.1663846384695,-4068.166384638461,2.87001703236367e-14,24.991228580474854,3.712470054626465,4.595753908157349
PBE,PBE,4,N/A,NAO-VCC-3Z,2.16203068648868,-14854.941659998276,-14854.941659998276,-4068.065072066766,-4068.065072066766,-3.172124088401951e-14,25.300110578536987,3.6706881523132324,4.594245433807373
PBE,PBE,4,N/A,NAO-VCC-3Z,1.9620306864886794,-14854.96586987795,-14854.965869877946,-4067.9149369482193,-4067.9149369482166,-2.8322536503588847e-14,25.304062843322754,3.7225570678710938,4.749892473220825
PBE,PBE,4,N/A,NAO-VCC-3Z,2.0620306864886793,-14854.95598889379,-14854.955988893787,-4067.9994456353165,-4067.999445635315,-2.5301465943206036e-14,25.618624210357666,3.6468307971954346,4.747990369796753
PBE,PBE,4,N/A,NAO-VCC-3Z,1.7620306864886794,-14854.955846169187,-14854.955846169201,-4067.6885767853437,-4067.6885767853573,-3.247650852411521e-14,26.20271873474121,3.7893199920654297,4.756133556365967
PBE,PBE,4,N/A,NAO-VCC-3Z,1.8620306864886793,-14854.967661511395,-14854.9676615114,-4067.818817000807,-4067.8188170008125,-4.41831569455986e-14,26.272359609603882,3.739405870437622,4.784965753555298
PBE,PBE,4,N/A,NAO-VCC-3Z,1.5620306864886795,-14854.854187431198,-14854.854187431205,-4067.284893374347,-4067.2848933743544,-4.002918492507224e-14,27.11012291908264,3.8949925899505615,4.9461565017700195
PBE,PBE,4,N/A,NAO-VCC-3Z,1.4620306864886796,-14854.733694270111,-14854.733694270119,-4066.981670044145,-4066.981670044153,-6.797408760861323e-14,27.09048366546631,3.858969211578369,4.97792649269104
PBE,PBE,4,N/A,NAO-VCC-3Z,1.6620306864886796,-14854.922132820848,-14854.92213282085,-4067.518115725431,-4067.518115725433,-1.6238254262057606e-14,27.612118005752563,3.8714101314544678,4.761892557144165
PBE,PBE,4,N/A,NAO-VCC-3Z,1.3620306864886795,-14854.533362510838,-14854.533362510829,-4066.569839434859,-4066.56983943485,-2.8133719593564922e-14,27.421998739242554,3.957184076309204,4.973012447357178
PBE,PBE,4,N/A,NAO-VCC-3Z,1.2620306864886794,-14854.21213238895,-14854.212132388955,-4066.0026693127475,-4066.0026693127534,6.419774940813472e-15,27.613293647766113,3.9372198581695557,5.0209667682647705
PBE,PBE,4,N/A,NAO-VCC-4Z,2.6620306864886794,-14854.96276408733,-14854.962764087302,-4068.3878238201087,-4068.3878238200855,-1.5331933093942762e-13,55.173949241638184,9.008081197738647,11.76344084739685
PBE,PBE,4,N/A,NAO-VCC-4Z,2.5620306864886793,-14854.977139354136,-14854.977139354125,-4068.3491268666585,-4068.3491268666467,-1.0369824698513998e-12,55.16433572769165,9.060781240463257,11.895912170410156
PBE,PBE,4,N/A,NAO-VCC-4Z,2.7620306864886794,-14854.949627889504,-14854.949627889519,-4068.4240256060575,-4068.4240256060757,1.891945438439735e-13,55.173720359802246,9.131457567214966,11.836363315582275
PBE,PBE,4,N/A,NAO-VCC-4Z,2.462030686488679,-14854.992645937147,-14854.992645937144,-4068.31425141251,-4068.3142514124993,-4.478737105767516e-13,55.93275785446167,9.334221601486206,12.156424760818481
PBE,PBE,4,N/A,NAO-VCC-4Z,2.0620306864886793,-14855.055972713268,-14855.05597271323,-4068.096898889162,-4068.0968988891364,-4.72419908879862e-13,55.18508839607239,9.570773839950562,12.588328838348389
PBE,PBE,4,N/A,NAO-VCC-4Z,2.362030686488679,-14855.009017378597,-14855.009017378621,-4068.2673978207877,-4068.2673978208004,-3.999142154306745e-13,56.41815710067749,9.419725179672241,12.21719241142273
PBE,PBE,4,N/A,NAO-VCC-4Z,2.262030686488679,-14855.025724603855,-14855.025724603882,-4068.2213040296474,-4068.2213040296715,6.072351826369449e-13,56.819735527038574,9.371566534042358,12.197854042053223
PBE,PBE,4,N/A,NAO-VCC-4Z,2.16203068648868,-14855.041869223593,-14855.041869223542,-4068.1603204681724,-4068.160320468128,4.467408091166081e-13,57.96892952919006,9.657900094985962,12.41003680229187
PBE,PBE,4,N/A,NAO-VCC-4Z,1.9620306864886794,-14855.06567015342,-14855.065670153443,-4068.014031589064,-4068.014031589087,-1.265073297160302e-13,61.23442006111145,9.839126348495483,12.820679426193237
PBE,PBE,4,N/A,NAO-VCC-4Z,1.8620306864886793,-14855.067327911265,-14855.067327911254,-4067.9088469271123,-4067.908846927105,4.2294987845359347e-13,61.402329444885254,9.91429328918457,12.91658067703247
PBE,PBE,4,N/A,NAO-VCC-4Z,1.7620306864886794,-14855.055431981518,-14855.055431981511,-4067.7805788044134,-4067.780578804406,4.9092396606220667e-14,62.706849336624146,10.154428005218506,13.30448293685913
PBE,PBE,4,N/A,NAO-VCC-4Z,1.6620306864886796,-14855.021697725877,-14855.021697725857,-4067.611268342269,-4067.611268342251,-1.2235335769550382e-13,64.07824754714966,10.288298606872559,13.367820024490356
PBE,PBE,4,N/A,NAO-VCC-4Z,1.5620306864886795,-14854.95379923897,-14854.953799238892,-4067.381330239056,-4067.381330238981,-1.0736129503960412e-12,64.52085161209106,10.530716896057129,13.791237354278564
PBE,PBE,4,N/A,NAO-VCC-4Z,1.4620306864886796,-14854.833434632723,-14854.83343463272,-4067.075889704898,-4067.0758897048963,-6.759645378856538e-13,65.14581680297852,10.65439772605896,13.890305280685425
PBE,PBE,4,N/A,NAO-VCC-4Z,1.3620306864886795,-14854.633338052852,-14854.633338052796,-4066.66531362388,-4066.665313623833,-5.475690390693844e-14,66.6194486618042,10.8100745677948,14.003136396408081
PBE,PBE,4,N/A,NAO-VCC-4Z,1.2620306864886794,-14854.311673808224,-14854.311673808188,-4066.1017669761695,-4066.1017669761422,-5.879758578145045e-13,66.32117819786072,10.808577537536621,14.289740800857544
PBE,PBE,4,N/A,NAO-VCC-4Z,4.362030686488679,-14854.858043630906,-14854.858043630884,-4068.916430135406,-4068.9164301353894,1.340600061169872e-13,46.97973275184631,7.999967575073242,10.104100227355957
PBE,PBE,4,N/A,NAO-VCC-4Z,4.2620306864886786,-14854.860163785886,-14854.860163785868,-4068.8890843824183,-4068.889084382399,-2.919109428969891e-13,46.972750663757324,7.950012922286987,10.126474380493164
PBE,PBE,4,N/A,NAO-VCC-4Z,4.162030686488679,-14854.862535009299,-14854.862535009312,-4068.8702070421677,-4068.870207042177,4.3465652687507683e-13,47.71168804168701,7.980335712432861,10.397929191589355
PBE,PBE,4,N/A,NAO-VCC-4Z,3.962030686488679,-14854.868164119229,-14854.86816411922,-4068.804324278083,-4068.8043242780504,-9.67497846962595e-13,48.02695655822754,8.03429102897644,10.32744026184082
PBE,PBE,4,N/A,NAO-VCC-4Z,4.062030686488679,-14854.865192988991,-14854.865192988973,-4068.8199871940496,-4068.819987194022,5.74003406472734e-14,48.048811197280884,8.067216634750366,10.818234205245972
PBE,PBE,4,N/A,NAO-VCC-4Z,3.86203068648868,-14854.87149932829,-14854.871499328281,-4068.7710080281536,-4068.771008028143,4.048234550912966e-13,48.93114995956421,8.124659538269043,10.530123949050903
PBE,PBE,4,N/A,NAO-VCC-4Z,3.762030686488679,-14854.875248249158,-14854.875248249153,-4068.7391712636513,-4068.7391712636413,-1.0875854017378118e-13,49.44589853286743,8.287315130233765,10.762303829193115
PBE,PBE,4,N/A,NAO-VCC-4Z,3.5620306864886793,-14854.88418931048,-14854.884189310498,-4068.670984853058,-4068.6709848530727,6.986225670885249e-14,49.61763334274292,8.315248966217041,10.726780652999878
PBE,PBE,4,N/A,NAO-VCC-4Z,3.4620306864886787,-14854.889515585286,-14854.889515585262,-4068.6492053077945,-4068.649205307762,-3.68192974546655e-13,49.80352473258972,8.367535591125488,10.712769746780396
PBE,PBE,4,N/A,NAO-VCC-4Z,3.662030686488679,-14854.879455486394,-14854.87945548637,-4068.714397047799,-4068.714397047779,5.249110098665133e-13,50.51828479766846,8.3397057056427,10.72420620918274
PBE,PBE,4,N/A,NAO-VCC-4Z,3.362030686488679,-14854.895507158722,-14854.895507158693,-4068.6224072910854,-4068.622407291048,-1.5860620442009756e-13,50.548282623291016,8.47583532333374,10.9185311794281
PBE,PBE,4,N/A,NAO-VCC-4Z,3.2620306864886794,-14854.902249980754,-14854.90224998079,-4068.601199389309,-4068.6011993893326,-1.4006438385574805e-12,50.57621169090271,8.490838050842285,10.981995820999146
PBE,PBE,4,N/A,NAO-VCC-4Z,3.162030686488679,-14854.908989940262,-14854.908989940304,-4068.553019284509,-4068.553019284548,6.261168736393374e-13,51.96303343772888,8.538640022277832,10.998791217803955
PBE,PBE,4,N/A,NAO-VCC-4Z,3.0620306864886793,-14854.917509300369,-14854.917509300378,-4068.531546447696,-4068.531546447702,-4.101103285719665e-13,51.598344802856445,8.776440858840942,11.146711587905884
PBE,PBE,4,N/A,NAO-VCC-4Z,2.9620306864886796,-14854.927063681422,-14854.927063681373,-4068.49233768235,-4068.492337682304,-4.913015998822545e-13,52.76319861412048,8.808149337768555,11.386139392852783
PBE,PBE,4,N/A,NAO-VCC-4Z,2.862030686488679,-14854.937743138444,-14854.937743138496,-4068.4664519986354,-4068.4664519986827,-1.1895465331507317e-13,53.78857374191284,9.046223402023315,11.743173599243164
PBE,PBE,4,N/A,NAO-VCC-5Z,4.362030686488679,-14854.884004979607,-14854.884004979654,-4068.9632749656876,-4068.9632749657294,-6.166760281381412e-13,122.04835724830627,22.361188411712646,28.233672618865967
PBE,PBE,4,N/A,NAO-VCC-5Z,4.2620306864886786,-14854.886074395907,-14854.886074395932,-4068.9411876201716,-4068.94118762021,4.467408091166081e-13,122.66951298713684,22.471736907958984,28.416329860687256
PBE,PBE,4,N/A,NAO-VCC-5Z,4.162030686488679,-14854.888391016326,-14854.888391016315,-4068.9241963034106,-4068.9241963034037,-4.984766424631637e-14,124.11354660987854,22.72904372215271,28.821399450302124
PBE,PBE,4,N/A,NAO-VCC-5Z,4.062030686488679,-14854.89098741442,-14854.890987414366,-4068.9051747448448,-4068.9051747447866,-2.443290815709598e-13,124.98698496818542,22.700446128845215,28.973475456237793
PBE,PBE,4,N/A,NAO-VCC-5Z,3.962030686488679,-14854.893889601479,-14854.893889601466,-4068.851364408946,-4068.851364408939,-1.1842596596700617e-12,125.83456802368164,23.035980224609375,29.083402156829834
PBE,PBE,4,N/A,NAO-VCC-5Z,3.86203068648868,-14854.897150208179,-14854.897150208259,-4068.837820810755,-4068.8378208108334,-3.674377069065593e-13,126.52242541313171,23.110508918762207,29.51662302017212
PBE,PBE,4,N/A,NAO-VCC-5Z,3.5620306864886793,-14854.90957085976,-14854.909570859803,-4068.7394546367386,-4068.7394546367796,2.752950548148836e-13,127.72474145889282,23.189645767211914,29.67105197906494
PBE,PBE,4,N/A,NAO-VCC-5Z,3.762030686488679,-14854.900815615672,-14854.900815615707,-4068.7911822880114,-4068.7911822880346,1.1744411803488174e-13,128.5356423854828,23.44997811317444,29.780802011489868
PBE,PBE,4,N/A,NAO-VCC-5Z,3.662030686488679,-14854.904932629139,-14854.904932629177,-4068.7605315363826,-4068.760531536419,2.643436740334959e-13,128.64783716201782,23.350936889648438,29.823412656784058
PBE,PBE,4,N/A,NAO-VCC-5Z,3.4620306864886787,-14854.91479525421,-14854.914795254208,-4068.703739118625,-4068.703739118625,-5.853324210741696e-14,129.99515342712402,23.738464832305908,30.099024772644043
PBE,PBE,4,N/A,NAO-VCC-5Z,3.362030686488679,-14854.92068081471,-14854.920680814728,-4068.6626715214225,-4068.6626715214416,-1.1744411803488174e-13,130.2516233921051,23.823731184005737,30.20507502555847
PBE,PBE,4,N/A,NAO-VCC-5Z,3.2620306864886794,-14854.927312834538,-14854.927312834516,-4068.6399099730397,-4068.6399099730183,4.1199849767220577e-13,131.8790557384491,23.873082160949707,30.445876359939575
PBE,PBE,4,N/A,NAO-VCC-5Z,3.162030686488679,-14854.934779781692,-14854.934779781655,-4068.6047621453354,-4068.6047621452944,1.3708107667737004e-13,132.48428916931152,24.185673236846924,30.642829179763794
PBE,PBE,4,N/A,NAO-VCC-5Z,3.0620306864886793,-14854.94317912709,-14854.943179127093,-4068.574224243175,-4068.5742242431756,4.2861438575431124e-13,133.4884216785431,24.221324920654297,30.836219310760498
PBE,PBE,4,N/A,NAO-VCC-5Z,2.862030686488679,-14854.9622912946,-14854.962291294622,-4068.507518885719,-4068.507518885737,-5.583316029407482e-13,134.75497817993164,24.4297456741333,31.14284634590149
PBE,PBE,4,N/A,NAO-VCC-5Z,2.9620306864886796,-14854.952608808437,-14854.952608808366,-4068.542187086918,-4068.5421870868513,-2.94554379637324e-13,135.5631968975067,24.45982837677002,35.334747552871704
PBE,PBE,4,N/A,NAO-VCC-5Z,2.362030686488679,-14855.032957141382,-14855.03295714143,-4068.3137702846234,-4068.313770284668,-4.0218001835096166e-13,138.958331823349,24.80289936065674,32.03759765625
PBE,PBE,4,N/A,NAO-VCC-5Z,2.462030686488679,-14855.016702429291,-14855.01670242929,-4068.354157512309,-4068.3541575123063,1.661588808210546e-14,139.0798373222351,24.8360378742218,31.8946373462677
PBE,PBE,4,N/A,NAO-VCC-5Z,2.6620306864886794,-14854.987065750736,-14854.987065750713,-4068.435711783502,-4068.4357117834825,1.5194096749625298e-12,139.63903713226318,25.042995929718018,32.15190124511719
PBE,PBE,4,N/A,NAO-VCC-5Z,2.0620306864886793,-14855.078688345526,-14855.078688345571,-4068.1357249105886,-4068.1357249106213,2.290349118590218e-13,137.53261470794678,25.69960927963257,33.15194749832153
PBE,PBE,4,N/A,NAO-VCC-5Z,2.7620306864886794,-14854.974053599757,-14854.974053599748,-4068.47020419635,-4068.470204196333,-7.552676400957026e-16,140.11879968643188,24.996787071228027,32.13155436515808
PBE,PBE,4,N/A,NAO-VCC-5Z,2.5620306864886793,-14855.001317083475,-14855.001317083483,-4068.4005587466518,-4068.400558746658,-4.3918813271565106e-13,142.60375356674194,25.529970407485962,32.92691230773926
PBE,PBE,4,N/A,NAO-VCC-5Z,2.16203068648868,-14855.064678892299,-14855.06467889234,-4068.199275317456,-4068.199275317499,-9.063211681148431e-14,143.4355719089508,25.56873083114624,32.958609104156494
PBE,PBE,4,N/A,NAO-VCC-5Z,2.262030686488679,-14855.0495522647,-14855.049552264638,-4068.2621157723697,-4068.262115772306,4.323907239547897e-14,141.09406089782715,25.267894744873047,32.35374212265015
PBE,PBE,4,N/A,NAO-VCC-5Z,1.9620306864886794,-14855.088296966327,-14855.088296966287,-4068.050509984605,-4068.0505099845677,6.888040877672808e-13,147.70842576026917,26.00309443473816,34.19409513473511
PBE,PBE,4,N/A,NAO-VCC-5Z,1.8620306864886793,-14855.089872770963,-14855.089872770908,-4067.9474009974856,-4067.9474009974265,3.3477238147242016e-13,149.3431224822998,26.159692764282227,33.76845574378967
PBE,PBE,4,N/A,NAO-VCC-5Z,1.7620306864886794,-14855.077904424099,-14855.0779044241,-4067.8150159873894,-4067.815015987385,-2.1411837596713168e-13,152.16218543052673,26.60619306564331,34.36483097076416
PBE,PBE,4,N/A,NAO-VCC-5Z,1.5620306864886795,-14854.976178828974,-14854.976178828969,-4067.423346566405,-4067.4233465664,-1.0989144163392473e-13,155.89148950576782,27.3643319606781,35.71731877326965
PBE,PBE,4,N/A,NAO-VCC-5Z,1.4620306864886796,-14854.855799676447,-14854.855799676421,-4067.1137939796818,-4067.113793979657,-1.000729623126806e-14,157.8983073234558,27.66604781150818,35.95272159576416
PBE,PBE,4,N/A,NAO-VCC-5Z,1.6620306864886796,-14855.04411295502,-14855.04411295496,-4067.6500615716923,-4067.6500615716322,3.0739392951895096e-13,154.77393889427185,26.736206531524658,34.58607268333435
PBE,PBE,4,N/A,NAO-VCC-5Z,1.2620306864886794,-14854.332628429242,-14854.332628429229,-4066.14089293491,-4066.140892934904,-9.591899029215424e-13,162.13128399848938,28.308035612106323,36.89554762840271
PBE,PBE,4,N/A,NAO-VCC-5Z,1.3620306864886795,-14854.655645897321,-14854.655645897297,-4066.707487992402,-4066.7074879923803,-1.7767671233251403e-13,162.39181280136108,28.37816572189331,36.921430349349976
PBE,PBE,10,N/A,NAO-VCC-3Z,2.7620306864886794,-14854.84761688591,-14854.847616885905,-6189.94344161317,-6189.943441613164,3.5875212904545875e-15,25.409545183181763,3.602999687194824,4.5056986808776855
PBE,PBE,10,N/A,NAO-VCC-3Z,2.462030686488679,-14854.891586239566,-14854.891586239562,-6189.860684439309,-6189.860684439305,1.0838090635373332e-13,25.46456289291382,3.621109962463379,4.548787832260132
PBE,PBE,10,N/A,NAO-VCC-3Z,2.6620306864886794,-14854.861071883695,-14854.861071883697,-6189.914423553398,-6189.9144235534,-5.456808699691451e-14,25.407530546188354,3.5954463481903076,4.4425647258758545
PBE,PBE,10,N/A,NAO-VCC-3Z,2.5620306864886793,-14854.875765619898,-14854.875765619889,-6189.890908895892,-6189.890908895882,6.042141120765621e-15,25.407477378845215,3.6003634929656982,4.576148271560669
PBE,PBE,10,N/A,NAO-VCC-3Z,2.262030686488679,-14854.925255445056,-14854.925255445072,-6189.8022189613985,-6189.802218961415,4.682659368593356e-14,25.582361459732056,3.659587860107422,4.558426856994629
PBE,PBE,10,N/A,NAO-VCC-3Z,2.362030686488679,-14854.908261792734,-14854.908261792729,-6189.832757114939,-6189.832757114935,3.776338200478513e-14,25.624720335006714,3.627760410308838,4.621241092681885
PBE,PBE,10,N/A,NAO-VCC-3Z,1.9620306864886794,-14854.965869877982,-14854.96586987797,-6189.671579643676,-6189.671579643664,-1.5105352801914052e-15,25.733616590499878,3.6970221996307373,4.7432191371917725
PBE,PBE,10,N/A,NAO-VCC-3Z,2.16203068648868,-14854.941659998276,-14854.94165999828,-6189.764624393565,-6189.764624393569,-6.042141120765621e-15,26.016515731811523,3.798518419265747,4.704447984695435
PBE,PBE,10,N/A,NAO-VCC-3Z,2.0620306864886793,-14854.955988893782,-14854.955988893786,-6189.71930171,-6189.719301710006,-2.4357381393086408e-14,26.485544204711914,3.6879830360412598,4.73094630241394
PBE,PBE,10,N/A,NAO-VCC-3Z,1.8620306864886793,-14854.967661511382,-14854.967661511386,-6189.602930178012,-6189.6029301780145,1.9636958642488267e-14,26.71354866027832,3.7423198223114014,4.806994676589966
PBE,PBE,10,N/A,NAO-VCC-3Z,1.7620306864886794,-14854.95584616922,-14854.955846169221,-6189.516685756515,-6189.516685756518,-3.776338200478513e-15,26.730924129486084,3.804717779159546,4.859459400177002
PBE,PBE,10,N/A,NAO-VCC-3Z,1.6620306864886796,-14854.92213282085,-14854.92213282085,-6189.401719364184,-6189.401719364183,7.911428530002485e-14,27.606075525283813,3.7344889640808105,4.809659004211426
PBE,PBE,10,N/A,NAO-VCC-3Z,1.5620306864886795,-14854.854187431196,-14854.854187431205,-6189.2479201783335,-6189.247920178341,6.382011558808687e-14,27.50125503540039,3.8153181076049805,4.948524713516235
PBE,PBE,10,N/A,NAO-VCC-3Z,1.4620306864886796,-14854.733694270115,-14854.733694270115,-6189.025748998382,-6189.025748998383,6.212076339787154e-14,27.566426515579224,3.9225220680236816,4.916689395904541
PBE,PBE,10,N/A,NAO-VCC-3Z,1.3620306864886795,-14854.533362510845,-14854.533362510838,-6188.7170639544,-6188.717063954393,5.2679917896675256e-14,27.810606002807617,3.9304404258728027,4.933973073959351
PBE,PBE,10,N/A,NAO-VCC-3Z,1.2620306864886794,-14854.212132388951,-14854.212132388959,-6188.277616131905,-6188.2776161319125,5.758915755729733e-14,28.137598514556885,4.009715557098389,5.050181865692139
PBE,PBE,10,N/A,NAO-VCC-3Z,4.2620306864886786,-14854.754003516457,-14854.754003516446,-6190.282315161742,-6190.282315161732,5.022529806636422e-14,22.362218618392944,3.6309304237365723,4.229978561401367
PBE,PBE,10,N/A,NAO-VCC-3Z,4.362030686488679,-14854.751793357564,-14854.751793357564,-6190.306111305454,-6190.306111305452,4.4560790765646456e-14,22.370288133621216,3.723586082458496,4.174062490463257
PBE,PBE,10,N/A,NAO-VCC-3Z,3.86203068648868,-14854.765839334412,-14854.765839334399,-6190.194821873047,-6190.194821873036,-7.042870743892427e-14,22.426692008972168,3.744555950164795,4.215744256973267
PBE,PBE,10,N/A,NAO-VCC-3Z,3.762030686488679,-14854.769757093341,-14854.769757093345,-6190.170632390889,-6190.170632390892,-4.8903579696196745e-14,22.370569467544556,3.6781060695648193,4.319304943084717
PBE,PBE,10,N/A,NAO-VCC-3Z,3.662030686488679,-14854.774152566983,-14854.774152566988,-6190.153713791649,-6190.153713791653,-6.608591850837398e-15,22.53527307510376,3.8086588382720947,4.250916242599487
PBE,PBE,10,N/A,NAO-VCC-3Z,3.5620306864886793,-14854.779094564787,-14854.779094564783,-6190.130116213181,-6190.130116213178,1.0479338506327874e-13,22.64783215522766,3.700228452682495,4.280232906341553
PBE,PBE,10,N/A,NAO-VCC-3Z,4.062030686488679,-14854.759251246567,-14854.759251246569,-6190.2371617303115,-6190.2371617303115,2.7944902683540997e-14,22.35118818283081,4.274546146392822,4.152347087860107
PBE,PBE,10,N/A,NAO-VCC-3Z,3.4620306864886787,-14854.784650933743,-14854.784650933745,-6190.102717156484,-6190.102717156486,8.119127131028803e-15,22.636459589004517,3.7104175090789795,4.312407970428467
PBE,PBE,10,N/A,NAO-VCC-3Z,4.162030686488679,-14854.756476765673,-14854.756476765675,-6190.256739011258,-6190.256739011262,-7.986955294012055e-14,22.42522668838501,3.5699944496154785,4.67443060874939
PBE,PBE,10,N/A,NAO-VCC-3Z,3.962030686488679,-14854.76235549643,-14854.762355496425,-6190.224476878739,-6190.224476878732,1.0951380781387688e-14,22.63434910774231,3.785688877105713,4.28427791595459
PBE,PBE,10,N/A,NAO-VCC-3Z,3.362030686488679,-14854.79089012012,-14854.790890120124,-6190.085092320659,-6190.08509232066,2.5867916673277814e-14,22.915794372558594,3.605802536010742,4.318580627441406
PBE,PBE,10,N/A,NAO-VCC-3Z,3.162030686488679,-14854.805760197396,-14854.805760197407,-6190.038873628162,-6190.038873628173,4.531605840574215e-15,23.13563060760498,3.6065170764923096,4.355167627334595
PBE,PBE,10,N/A,NAO-VCC-3Z,3.2620306864886794,-14854.797898290348,-14854.797898290344,-6190.062926453775,-6190.062926453773,1.0384930051315911e-14,23.199790000915527,3.613304853439331,4.352663993835449
PBE,PBE,10,N/A,NAO-VCC-3Z,3.0620306864886793,-14854.814571479863,-14854.814571479872,-6190.017290853614,-6190.017290853623,-5.853324210741695e-15,23.27148675918579,3.579522132873535,4.46286678314209
PBE,PBE,10,N/A,NAO-VCC-3Z,2.9620306864886796,-14854.824427610874,-14854.824427610867,-6189.9876552534815,-6189.987655253475,6.136549575777584e-14,23.26451849937439,3.615797758102417,4.438381195068359
PBE,PBE,10,N/A,NAO-VCC-3Z,2.862030686488679,-14854.835416581902,-14854.83541658191,-6189.963371323283,-6189.963371323289,1.633266271706957e-13,23.9558367729187,3.613171339035034,4.476445913314819
PBE,PBE,10,N/A,NAO-VCC-4Z,2.6620306864886794,-14854.962764087313,-14854.962764087304,-6189.989498355439,-6189.989498355431,-9.72407086623217e-14,55.44240212440491,9.084976434707642,11.773174524307251
PBE,PBE,10,N/A,NAO-VCC-4Z,2.5620306864886793,-14854.977139354165,-14854.97713935415,-6189.9593063010225,-6189.959306301011,1.0649273725349407e-13,55.50138545036316,9.100669860839844,11.894837379455566
PBE,PBE,10,N/A,NAO-VCC-4Z,2.7620306864886794,-14854.94962788957,-14854.94962788954,-6190.01628807025,-6190.016288070223,1.023387652329677e-13,55.44532561302185,9.176589965820312,11.912890672683716
PBE,PBE,10,N/A,NAO-VCC-4Z,2.462030686488679,-14854.992645937265,-14854.992645937187,-6189.931914383165,-6189.9319143830835,1.112131600040922e-13,56.76586890220642,9.303231954574585,12.166052341461182
PBE,PBE,10,N/A,NAO-VCC-4Z,2.0620306864886793,-14855.05597271334,-14855.055972713306,-6189.78858099039,-6189.78858099036,1.3783634431746572e-13,55.89043402671814,9.738533735275269,12.689728260040283
PBE,PBE,10,N/A,NAO-VCC-4Z,2.362030686488679,-14855.009017378636,-14855.009017378616,-6189.903608227992,-6189.9036082279745,-1.3085011864658047e-13,56.93062400817871,9.449909210205078,12.26730990409851
PBE,PBE,10,N/A,NAO-VCC-4Z,2.262030686488679,-14855.025724603829,-14855.025724603873,-6189.873940144218,-6189.873940144267,5.551217154703414e-14,57.41023635864258,9.46701192855835,12.221109390258789
PBE,PBE,10,N/A,NAO-VCC-4Z,2.16203068648868,-14855.041869223462,-14855.041869223507,-6189.835398805885,-6189.83539880593,1.9051626221414098e-13,59.159016370773315,9.670305728912354,12.743381977081299
PBE,PBE,10,N/A,NAO-VCC-4Z,1.9620306864886794,-14855.06567015345,-14855.065670153454,-6189.74107936124,-6189.741079361242,-2.8228128048576884e-13,60.08421587944031,9.869008541107178,12.766534566879272
PBE,PBE,10,N/A,NAO-VCC-4Z,1.8620306864886793,-14855.067327911234,-14855.067327911329,-6189.667630025363,-6189.667630025453,1.4538902071842274e-13,60.62356686592102,9.986641645431519,13.036013841629028
PBE,PBE,10,N/A,NAO-VCC-4Z,1.7620306864886794,-14855.055431981496,-14855.055431981504,-6189.583498627647,-6189.583498627651,-8.421234187067085e-14,61.982154846191406,10.25787353515625,13.24442720413208
PBE,PBE,10,N/A,NAO-VCC-4Z,1.6620306864886796,-14855.021697725795,-14855.021697725888,-6189.467829592423,-6189.467829592508,8.213535586040766e-14,62.670873165130615,10.28598666191101,13.573866844177246
PBE,PBE,10,N/A,NAO-VCC-4Z,1.5620306864886795,-14854.95379923897,-14854.95379923889,-6189.31603499242,-6189.316034992344,-4.892246138719914e-13,64.00052666664124,10.545955181121826,13.687470197677612
PBE,PBE,10,N/A,NAO-VCC-4Z,1.4620306864886796,-14854.83343463272,-14854.83343463275,-6189.096375101537,-6189.096375101566,1.0479338506327874e-13,65.54165005683899,10.744434595108032,14.045943975448608
PBE,PBE,10,N/A,NAO-VCC-4Z,1.3620306864886795,-14854.633338052776,-14854.633338052821,-6188.781963748854,-6188.781963748899,-1.5539631694969082e-13,65.60652899742126,10.800243139266968,14.15584683418274
PBE,PBE,10,N/A,NAO-VCC-4Z,1.2620306864886794,-14854.311673808195,-14854.311673808195,-6188.354619807816,-6188.354619807813,6.891817215873286e-14,66.27115607261658,10.857908487319946,14.258427143096924
PBE,PBE,10,N/A,NAO-VCC-4Z,4.362030686488679,-14854.85804363083,-14854.85804363088,-6190.387588231846,-6190.387588231891,1.642707117208153e-14,48.86841297149658,7.9813454151153564,10.198082685470581
PBE,PBE,10,N/A,NAO-VCC-4Z,4.2620306864886786,-14854.860163785763,-14854.860163785881,-6190.368454734975,-6190.368454735093,1.1517831511459465e-14,48.84791398048401,7.932415962219238,10.259733438491821
PBE,PBE,10,N/A,NAO-VCC-4Z,4.162030686488679,-14854.862535009392,-14854.862535009352,-6190.346099997432,-6190.346099997394,-1.1574476584466643e-13,49.23956751823425,8.071511030197144,10.386033535003662
PBE,PBE,10,N/A,NAO-VCC-4Z,3.962030686488679,-14854.868164119127,-14854.868164119165,-6190.304164641826,-6190.304164641862,-1.869287409236864e-14,49.74600696563721,8.091701745986938,10.474529266357422
PBE,PBE,10,N/A,NAO-VCC-4Z,4.062030686488679,-14854.865192989002,-14854.86519298898,-6190.320625457843,-6190.320625457842,-1.8485175491342322e-13,49.90643119812012,8.188005685806274,10.410869836807251
PBE,PBE,10,N/A,NAO-VCC-4Z,3.86203068648868,-14854.871499328276,-14854.871499328276,-6190.2797387044,-6190.27973870441,1.5105352801914052e-15,50.069762229919434,8.236238956451416,10.527792692184448
PBE,PBE,10,N/A,NAO-VCC-4Z,3.762030686488679,-14854.875248249064,-14854.875248249149,-6190.255011775143,-6190.255011775226,-1.8994981148406921e-13,50.8324658870697,8.317635774612427,10.822642803192139
PBE,PBE,10,N/A,NAO-VCC-4Z,3.662030686488679,-14854.879455486334,-14854.879455486345,-6190.235144899192,-6190.235144899199,-2.2506975674851938e-13,51.11677122116089,8.413621187210083,10.89795732498169
PBE,PBE,10,N/A,NAO-VCC-4Z,3.4620306864886787,-14854.889515585206,-14854.889515585231,-6190.188676996857,-6190.1886769968805,1.8881691002392564e-14,51.361573934555054,8.539808511734009,10.95958137512207
PBE,PBE,10,N/A,NAO-VCC-4Z,3.362030686488679,-14854.895507158753,-14854.895507158724,-6190.168619616163,-6190.16861961613,1.965584033349066e-13,51.9197301864624,8.468850374221802,11.065202951431274
PBE,PBE,10,N/A,NAO-VCC-4Z,3.2620306864886794,-14854.90224998082,-14854.90224998081,-6190.14881180126,-6190.14881180126,-4.992319101032594e-13,52.03457164764404,8.511237382888794,10.989784240722656
PBE,PBE,10,N/A,NAO-VCC-4Z,3.5620306864886793,-14854.884189310395,-14854.88418931048,-6190.205846987796,-6190.205846987872,2.405527433704813e-13,52.740339040756226,8.407747983932495,10.872857093811035
PBE,PBE,10,N/A,NAO-VCC-4Z,3.162030686488679,-14854.908989940155,-14854.908989940204,-6190.117161064001,-6190.117161064045,3.908510037495261e-14,52.51322388648987,8.706092834472656,11.118704080581665
PBE,PBE,10,N/A,NAO-VCC-4Z,3.0620306864886793,-14854.917509300465,-14854.917509300365,-6190.091925767483,-6190.091925767388,-1.427455839780878e-13,53.58333492279053,8.737111568450928,11.323505163192749
PBE,PBE,10,N/A,NAO-VCC-4Z,2.9620306864886796,-14854.927063681353,-14854.927063681374,-6190.0698931857005,-6190.069893185721,-2.7284043498457256e-13,54.3145067691803,8.883163928985596,11.56966233253479
PBE,PBE,10,N/A,NAO-VCC-4Z,2.862030686488679,-14854.937743138391,-14854.937743138502,-6190.039796853423,-6190.039796853529,-8.968803226136468e-14,55.14890265464783,8.977211713790894,11.81969428062439
PBE,PBE,10,N/A,NAO-VCC-5Z,2.362030686488679,-14855.032957141606,-14855.032957141519,-6189.93674394281,-6189.936743942722,8.17577220403598e-14,138.7526524066925,24.830411911010742,31.830525875091553
PBE,PBE,10,N/A,NAO-VCC-5Z,2.462030686488679,-14855.016702429335,-14855.016702429308,-6189.970091561911,-6189.970091561885,-1.229198084255756e-13,138.98720002174377,24.900263786315918,32.05049967765808
PBE,PBE,10,N/A,NAO-VCC-5Z,2.0620306864886793,-14855.078688345533,-14855.078688345608,-6189.821916571028,-6189.821916571106,-1.0101704686280023e-13,136.38351345062256,25.721100568771362,33.0795955657959
PBE,PBE,10,N/A,NAO-VCC-5Z,2.6620306864886794,-14854.987065750756,-14854.98706575077,-6190.027343857253,-6190.0273438572685,3.663048054464158e-14,139.22773361206055,25.08977699279785,32.229965925216675
PBE,PBE,10,N/A,NAO-VCC-5Z,2.7620306864886794,-14854.974053599668,-14854.974053599739,-6190.051150796253,-6190.0511507963265,-1.5067589419909268e-13,140.1586046218872,25.11552619934082,32.09563660621643
PBE,PBE,10,N/A,NAO-VCC-5Z,2.262030686488679,-14855.0495522646,-14855.049552264554,-6189.903869044003,-6189.903869043954,1.7956488143275328e-13,140.77842783927917,25.234652996063232,32.49012899398804
PBE,PBE,10,N/A,NAO-VCC-5Z,2.5620306864886793,-14855.001317083406,-14855.001317083475,-6189.995157760526,-6189.995157760599,-8.83663138911972e-14,142.5320246219635,25.604833126068115,32.86921191215515
PBE,PBE,10,N/A,NAO-VCC-5Z,2.16203068648868,-14855.0646788924,-14855.064678892346,-6189.864455422583,-6189.864455422526,-2.150624605172513e-13,142.99961757659912,25.629898071289062,32.88855457305908
PBE,PBE,10,N/A,NAO-VCC-5Z,1.9620306864886794,-14855.088296966294,-14855.088296966356,-6189.768050703915,-6189.768050703976,7.175042580909175e-15,145.66644072532654,25.877862691879272,33.32736086845398
PBE,PBE,10,N/A,NAO-VCC-5Z,1.8620306864886793,-14855.089872770886,-14855.08987277085,-6189.697508339122,-6189.697508339088,-1.6804704992129383e-14,147.30850100517273,26.169625282287598,33.88364934921265
PBE,PBE,10,N/A,NAO-VCC-5Z,1.7620306864886794,-14855.077904424077,-14855.07790442406,-6189.612978920708,-6189.61297892069,-1.5992792279026502e-13,149.05338668823242,26.453978300094604,34.4723744392395
PBE,PBE,10,N/A,NAO-VCC-5Z,1.6620306864886796,-14855.044112954925,-14855.044112955009,-6189.496889827603,-6189.49688982769,-1.7711026160244226e-13,151.78402042388916,26.807693481445312,34.756216049194336
PBE,PBE,10,N/A,NAO-VCC-5Z,1.5620306864886795,-14854.976178828903,-14854.976178828962,-6189.345367498302,-6189.345367498356,1.1536713202461857e-13,156.4373173713684,27.603971004486084,35.610135555267334
PBE,PBE,10,N/A,NAO-VCC-5Z,1.4620306864886796,-14854.855799676367,-14854.855799676334,-6189.125250715342,-6189.125250715313,1.9391496659457164e-13,157.37492418289185,27.65238070487976,35.915629863739014
PBE,PBE,10,N/A,NAO-VCC-5Z,1.2620306864886794,-14854.33262842936,-14854.33262842925,-6188.376545826595,-6188.376545826487,1.1517831511459466e-13,161.36789393424988,28.789205312728882,36.741482973098755
PBE,PBE,10,N/A,NAO-VCC-5Z,1.3620306864886795,-14854.655645897434,-14854.655645897381,-6188.827435603023,-6188.827435602963,1.6691414846115027e-13,161.91946172714233,28.37328863143921,36.952683448791504
PBE,PBE,10,N/A,NAO-VCC-5Z,4.2620306864886786,-14854.886074395883,-14854.886074395945,-6190.406347908787,-6190.406347908845,4.040681874512009e-14,123.64444589614868,22.582240343093872,28.47167992591858
PBE,PBE,10,N/A,NAO-VCC-5Z,4.162030686488679,-14854.888391016224,-14854.888391016279,-6190.385619161092,-6190.38561916115,-1.0951380781387688e-14,123.82940030097961,22.824204206466675,29.09480381011963
PBE,PBE,10,N/A,NAO-VCC-5Z,4.062030686488679,-14854.890987414343,-14854.890987414316,-6190.372987019404,-6190.372987019375,-5.3246368626747034e-14,124.66636991500854,22.97714328765869,29.124048233032227
PBE,PBE,10,N/A,NAO-VCC-5Z,3.962030686488679,-14854.89388960139,-14854.893889601386,-6190.339899035529,-6190.339899035522,2.1336310832703597e-14,125.02141213417053,23.103697061538696,29.16089677810669
PBE,PBE,10,N/A,NAO-VCC-5Z,3.86203068648868,-14854.897150208284,-14854.897150208215,-6190.318471750059,-6190.3184717499935,1.353817244871547e-13,125.82360863685608,23.21361994743347,29.54262685775757
PBE,PBE,10,N/A,NAO-VCC-5Z,3.662030686488679,-14854.904932629088,-14854.904932629097,-6190.271613690591,-6190.271613690609,-5.6645073007177695e-14,127.53476786613464,23.413750171661377,29.831986904144287
PBE,PBE,10,N/A,NAO-VCC-5Z,4.362030686488679,-14854.884004979664,-14854.884004979709,-6190.425305557953,-6190.425305557998,-7.552676400957026e-16,121.44306182861328,22.428853750228882,28.48350691795349
PBE,PBE,10,N/A,NAO-VCC-5Z,3.5620306864886793,-14854.909570859794,-14854.909570859822,-6190.247489448426,-6190.247489448447,-1.389692457776093e-13,127.18538069725037,24.321828365325928,29.797231674194336
PBE,PBE,10,N/A,NAO-VCC-5Z,3.762030686488679,-14854.9008156158,-14854.90081561575,-6190.292597017201,-6190.292597017147,-3.982148632404592e-13,127.73767256736755,23.53569197654724,30.115774393081665
PBE,PBE,10,N/A,NAO-VCC-5Z,3.4620306864886787,-14854.914795254173,-14854.914795254164,-6190.227969609878,-6190.227969609867,-1.4708837290863808e-13,129.31318068504333,23.811925172805786,30.224822759628296
PBE,PBE,10,N/A,NAO-VCC-5Z,3.362030686488679,-14854.920680814714,-14854.920680814686,-6190.199001523952,-6190.1990015239235,-1.7087930357165272e-13,129.5855233669281,23.718262672424316,30.306477308273315
PBE,PBE,10,N/A,NAO-VCC-5Z,3.2620306864886794,-14854.927312834468,-14854.927312834436,-6190.178752109074,-6190.1787521090455,-1.5331933093942762e-13,131.70010685920715,24.02379870414734,30.54269504547119
PBE,PBE,10,N/A,NAO-VCC-5Z,3.162030686488679,-14854.934779781435,-14854.934779781532,-6190.155046703578,-6190.155046703671,-1.9901302316521763e-13,131.69792342185974,24.02495312690735,30.71574878692627
PBE,PBE,10,N/A,NAO-VCC-5Z,3.0620306864886793,-14854.943179127125,-14854.943179127093,-6190.128844463839,-6190.128844463815,-5.494572081696237e-14,132.88682222366333,24.161378383636475,31.012872457504272
PBE,PBE,10,N/A,NAO-VCC-5Z,2.862030686488679,-14854.962291294547,-14854.962291294627,-6190.074906154624,-6190.074906154707,1.5067589419909268e-13,134.2596619129181,24.364338159561157,31.21013069152832
PBE,PBE,10,N/A,NAO-VCC-5Z,2.9620306864886796,-14854.952608808373,-14854.952608808293,-6190.101642457388,-6190.101642457314,3.4912246663423854e-13,134.54714512825012,24.512312173843384,31.276171445846558
PBE,PBE,16,N/A,NAO-VCC-5Z,4.362030686488679,-14854.884004979542,-14854.884004979616,-8328.852979343359,-8328.852979343437,-2.7189635043445293e-13,120.34917783737183,22.242246389389038,28.154263973236084
PBE,PBE,16,N/A,NAO-VCC-5Z,4.2620306864886786,-14854.886074395994,-14854.886074395914,-8328.849076237715,-8328.849076237642,1.65025979360911e-13,120.64383220672607,22.417718172073364,28.256661653518677
PBE,PBE,16,N/A,NAO-VCC-5Z,4.162030686488679,-14854.888391016391,-14854.88839101631,-8328.823480385407,-8328.823480385323,1.389692457776093e-13,122.56003189086914,22.62750220298767,28.83928346633911
PBE,PBE,16,N/A,NAO-VCC-5Z,4.062030686488679,-14854.890987414357,-14854.890987414414,-8328.827900129154,-8328.82790012922,3.323177616421092e-14,123.69243836402893,22.783677577972412,28.97681474685669
PBE,PBE,16,N/A,NAO-VCC-5Z,3.962030686488679,-14854.893889601391,-14854.893889601395,-8328.805475258501,-8328.805475258507,-1.8504057182344714e-14,124.45117521286011,22.975236654281616,28.981379747390747
PBE,PBE,16,N/A,NAO-VCC-5Z,3.86203068648868,-14854.897150208251,-14854.897150208262,-8328.787534356998,-8328.787534357009,5.177359672856041e-13,125.35939860343933,23.20121121406555,29.540797472000122
PBE,PBE,16,N/A,NAO-VCC-5Z,3.5620306864886793,-14854.909570859796,-14854.909570859802,-8328.76289090803,-8328.762890908034,-1.0989144163392473e-13,126.52450156211853,23.33318591117859,29.583532094955444
PBE,PBE,16,N/A,NAO-VCC-5Z,3.762030686488679,-14854.900815615676,-14854.900815615647,-8328.784756716537,-8328.784756716508,3.776338200478513e-15,126.73943901062012,23.42806077003479,29.634167194366455
PBE,PBE,16,N/A,NAO-VCC-5Z,3.662030686488679,-14854.904932629213,-14854.904932629115,-8328.772279888099,-8328.772279888002,-1.5860620442009756e-13,126.91897487640381,23.353118181228638,29.757505655288696
PBE,PBE,16,N/A,NAO-VCC-5Z,3.362030686488679,-14854.920680814517,-14854.920680814646,-8328.757840172562,-8328.75784017269,7.477149636947456e-14,128.371591091156,23.58981704711914,30.15994381904602
PBE,PBE,16,N/A,NAO-VCC-5Z,3.4620306864886787,-14854.914795254239,-14854.91479525412,-8328.76282872423,-8328.762828724111,-6.759645378856538e-14,128.54709219932556,23.619961500167847,30.114480018615723
PBE,PBE,16,N/A,NAO-VCC-5Z,3.2620306864886794,-14854.927312834456,-14854.927312834432,-8328.725617968787,-8328.725617968761,2.3790930663014634e-14,130.5233175754547,23.922776222229004,30.560555458068848
PBE,PBE,16,N/A,NAO-VCC-5Z,3.162030686488679,-14854.934779781692,-14854.934779781624,-8328.733447148801,-8328.733447148725,-1.2688496353607805e-13,131.27917575836182,23.936758518218994,30.731505393981934
PBE,PBE,16,N/A,NAO-VCC-5Z,3.0620306864886793,-14854.943179126953,-14854.943179127009,-8328.721752504958,-8328.721752505018,3.549757908449802e-14,132.14766216278076,24.096698760986328,30.88375735282898
PBE,PBE,16,N/A,NAO-VCC-5Z,2.862030686488679,-14854.962291294436,-14854.962291294498,-8328.697906240295,-8328.697906240359,1.876840085637821e-13,133.83728504180908,24.262309551239014,31.198920249938965
PBE,PBE,16,N/A,NAO-VCC-5Z,2.9620306864886796,-14854.952608808378,-14854.952608808348,-8328.71185355474,-8328.711853554712,2.296013625890936e-13,133.99121761322021,24.37268853187561,31.318922996520996
PBE,PBE,16,N/A,NAO-VCC-5Z,2.362030686488679,-14855.03295714147,-14855.03295714146,-8328.64486925238,-8328.64486925237,-1.2386389297569522e-13,137.71221017837524,24.800171375274658,31.778379201889038
PBE,PBE,16,N/A,NAO-VCC-5Z,2.462030686488679,-14855.016702429322,-14855.016702429315,-8328.65851802147,-8328.658518021462,7.817020074990522e-14,137.8002212047577,24.786807775497437,31.843419551849365
PBE,PBE,16,N/A,NAO-VCC-5Z,2.0620306864886793,-14855.078688345517,-14855.078688345571,-8328.59264737803,-8328.592647378082,5.89108759274648e-14,136.05754780769348,25.658650159835815,32.94467329978943
PBE,PBE,16,N/A,NAO-VCC-5Z,2.6620306864886794,-14854.987065750782,-14854.987065750725,-8328.675492825161,-8328.675492825103,-3.436467762435447e-13,138.50816011428833,25.026328086853027,32.16432046890259
PBE,PBE,16,N/A,NAO-VCC-5Z,2.7620306864886794,-14854.97405359969,-14854.974053599695,-8328.68573347706,-8328.685733477067,1.030940328730634e-13,139.1202676296234,24.99428629875183,32.0760235786438
PBE,PBE,16,N/A,NAO-VCC-5Z,2.262030686488679,-14855.049552264654,-14855.049552264589,-8328.638574738434,-8328.638574738367,-3.776338200478513e-16,139.67150402069092,25.135884523391724,32.33859610557556
PBE,PBE,16,N/A,NAO-VCC-5Z,2.5620306864886793,-14855.0013170835,-14855.001317083537,-8328.675821165583,-8328.675821165623,1.4992062655899697e-13,141.59264063835144,25.445273876190186,32.837308406829834
PBE,PBE,16,N/A,NAO-VCC-5Z,2.16203068648868,-14855.0646788922,-14855.064678892284,-8328.624209654517,-8328.624209654603,-4.002918492507224e-14,141.82073616981506,25.692325353622437,32.82719349861145
PBE,PBE,16,N/A,NAO-VCC-5Z,1.8620306864886793,-14855.089872770832,-14855.089872770846,-8328.516978543848,-8328.516978543861,-1.3745871049741787e-13,150.15529894828796,26.074995756149292,33.82757830619812
PBE,PBE,16,N/A,NAO-VCC-5Z,1.7620306864886794,-14855.077904424017,-14855.077904423977,-8328.453420475795,-8328.453420475758,2.3224479932942857e-13,150.32588815689087,26.443501710891724,34.3287250995636
PBE,PBE,16,N/A,NAO-VCC-5Z,1.9620306864886794,-14855.088296966305,-14855.088296966322,-8328.556014052654,-8328.556014052672,-7.08441046409769e-13,153.34693956375122,26.005033254623413,33.21868133544922
PBE,PBE,16,N/A,NAO-VCC-5Z,1.6620306864886796,-14855.044112955005,-14855.044112954965,-8328.364394898901,-8328.364394898861,-1.1970992095516886e-13,154.09261751174927,26.860071659088135,34.659701108932495
PBE,PBE,16,N/A,NAO-VCC-5Z,1.5620306864886795,-14854.976178829078,-14854.976178828974,-8328.23292351368,-8328.232923513584,4.682659368593357e-13,157.60608577728271,27.384097576141357,35.46323013305664
PBE,PBE,16,N/A,NAO-VCC-5Z,1.4620306864886796,-14854.855799676332,-14854.855799676354,-8328.037784886888,-8328.037784886908,2.7491742099483573e-13,156.70195078849792,27.636192321777344,35.99619126319885
PBE,PBE,16,N/A,NAO-VCC-5Z,1.2620306864886794,-14854.3326284291,-14854.332628429189,-8327.331255067042,-8327.331255067133,2.643436740334959e-15,161.23325943946838,28.31857419013977,36.78762245178223
PBE,PBE,16,N/A,NAO-VCC-5Z,1.3620306864886795,-14854.655645897392,-14854.65564589736,-8327.75511940512,-8327.755119405088,-2.0052355844540903e-13,161.15842962265015,28.3571515083313,36.97848582267761
PBE,PBE,16,N/A,NAO-VCC-4Z,2.6620306864886794,-14854.962764087219,-14854.96276408728,-8328.649807763559,-8328.649807763622,1.9259324822440416e-13,52.801876068115234,9.03614592552185,11.757509469985962
PBE,PBE,16,N/A,NAO-VCC-4Z,2.5620306864886793,-14854.977139354212,-14854.977139354107,-8328.636368768724,-8328.636368768612,2.7321806880462044e-13,52.76916813850403,9.176203727722168,11.87306261062622
PBE,PBE,16,N/A,NAO-VCC-4Z,2.7620306864886794,-14854.94962788948,-14854.949627889555,-8328.654748494679,-8328.654748494755,-2.2620265820866292e-13,52.86294960975647,9.113145112991333,11.879629850387573
PBE,PBE,16,N/A,NAO-VCC-4Z,2.462030686488679,-14854.992645937155,-14854.99264593714,-8328.632240473657,-8328.632240473642,-2.71707533524429e-13,53.96158742904663,9.332857131958008,12.203721523284912
PBE,PBE,16,N/A,NAO-VCC-4Z,2.0620306864886793,-14855.055972713317,-14855.055972713253,-8328.56627578845,-8328.566275788384,-9.629662411220208e-14,52.94225525856018,9.672632694244385,12.571578741073608
PBE,PBE,16,N/A,NAO-VCC-4Z,2.362030686488679,-14855.0090173787,-14855.009017378627,-8328.606001720547,-8328.60600172048,1.1310132910433146e-13,54.221362829208374,9.333506345748901,12.199376344680786
PBE,PBE,16,N/A,NAO-VCC-4Z,2.262030686488679,-14855.025724603833,-14855.025724603856,-8328.616314055085,-8328.616314055107,-4.5316058405742156e-14,55.20931077003479,9.47124457359314,12.406362056732178
PBE,PBE,16,N/A,NAO-VCC-4Z,2.16203068648868,-14855.041869223449,-14855.041869223513,-8328.597892650057,-8328.597892650123,1.427455839780878e-13,55.97030973434448,9.643918514251709,12.748093366622925
PBE,PBE,16,N/A,NAO-VCC-4Z,1.9620306864886794,-14855.065670153363,-14855.065670153403,-8328.528627715881,-8328.528627715928,-2.4565079994112727e-13,57.49676847457886,9.78437328338623,12.848553895950317
PBE,PBE,16,N/A,NAO-VCC-4Z,1.8620306864886793,-14855.06732791118,-14855.067327911293,-8328.483128208762,-8328.483128208878,-2.303566302291893e-13,58.62567210197449,10.035505533218384,13.185100078582764
PBE,PBE,16,N/A,NAO-VCC-4Z,1.7620306864886794,-14855.05543198142,-14855.055431981511,-8328.434081103314,-8328.434081103405,4.9092396606220667e-14,59.17871975898743,10.095959663391113,13.228514194488525
PBE,PBE,16,N/A,NAO-VCC-4Z,1.6620306864886796,-14855.02169772594,-14855.02169772588,-8328.33901022631,-8328.339010226238,6.948462288880465e-14,60.26957988739014,10.3010892868042,13.549631357192993
PBE,PBE,16,N/A,NAO-VCC-4Z,1.5620306864886795,-14854.953799238858,-14854.95379923888,-8328.207906531277,-8328.207906531296,-2.1015322085662925e-13,61.308751821517944,10.43072247505188,13.698386192321777
PBE,PBE,16,N/A,NAO-VCC-4Z,1.4620306864886796,-14854.833434632754,-14854.833434632736,-8328.013080249922,-8328.013080249912,-1.9825775552512195e-13,62.07056474685669,10.648921251296997,13.872401237487793
PBE,PBE,16,N/A,NAO-VCC-4Z,1.3620306864886795,-14854.633338052774,-14854.63333805283,-8327.731901137307,-8327.731901137366,-5.645625609715377e-14,63.070515632629395,10.712594747543335,14.062346458435059
PBE,PBE,16,N/A,NAO-VCC-4Z,1.2620306864886794,-14854.311673808246,-14854.31167380823,-8327.318646666095,-8327.318646666085,-7.382741181935493e-14,63.416685342788696,10.826973915100098,14.25976300239563
PBE,PBE,16,N/A,NAO-VCC-4Z,4.2620306864886786,-14854.860163785876,-14854.860163785876,-8328.811199020125,-8328.811199020127,1.2084282241531242e-14,47.92451739311218,7.898568868637085,10.195556640625
PBE,PBE,16,N/A,NAO-VCC-4Z,4.362030686488679,-14854.858043631064,-14854.858043630933,-8328.815422752516,-8328.815422752392,-3.410033395032097e-13,47.922436237335205,7.981175899505615,10.396814584732056
PBE,PBE,16,N/A,NAO-VCC-4Z,4.062030686488679,-14854.865192988922,-14854.86519298895,-8328.784814661089,-8328.784814661121,1.6087200734038464e-13,49.018797397613525,8.13839077949524,10.502071380615234
PBE,PBE,16,N/A,NAO-VCC-4Z,4.162030686488679,-14854.862535009284,-14854.862535009299,-8328.814377680781,-8328.81437768079,1.2178690696543205e-13,48.87745475769043,8.184916257858276,10.782608270645142
PBE,PBE,16,N/A,NAO-VCC-4Z,3.86203068648868,-14854.871499328236,-14854.87149932827,-8328.765351687503,-8328.765351687542,-8.723341243105366e-14,49.83924984931946,8.51426911354065,10.749721050262451
PBE,PBE,16,N/A,NAO-VCC-4Z,3.762030686488679,-14854.87524824913,-14854.875248249162,-8328.752896488273,-8328.752896488306,1.4916535891890128e-14,50.12830638885498,8.39335322380066,10.850600957870483
PBE,PBE,16,N/A,NAO-VCC-4Z,3.962030686488679,-14854.868164119182,-14854.868164119218,-8328.7676420097,-8328.767642009741,1.5766211986997793e-13,50.06851530075073,8.157511234283447,11.318163871765137
PBE,PBE,16,N/A,NAO-VCC-4Z,3.662030686488679,-14854.879455486373,-14854.879455486374,-8328.755949393231,-8328.75594939323,-1.6238254262057607e-13,50.50390934944153,8.297606945037842,11.082332611083984
PBE,PBE,16,N/A,NAO-VCC-4Z,3.5620306864886793,-14854.884189310418,-14854.884189310482,-8328.745036846954,-8328.745036847024,1.516199787492123e-13,50.789015769958496,8.502037763595581,10.953784465789795
PBE,PBE,16,N/A,NAO-VCC-3Z,2.462030686488679,-14854.891586239559,-14854.891586239564,-8328.554308107487,-8328.554308107494,-8.779986316112543e-14,25.60226821899414,3.592773675918579,4.614859104156494
PBE,PBE,16,N/A,NAO-VCC-3Z,2.5620306864886793,-14854.875765619885,-14854.875765619876,-8328.560008348006,-8328.560008347995,-1.355705413971786e-13,25.73140788078308,3.5611631870269775,4.578765869140625
PBE,PBE,16,N/A,NAO-VCC-3Z,2.262030686488679,-14854.925255445085,-14854.925255445078,-8328.530987953702,-8328.530987953694,-3.946273419500046e-14,25.74056363105774,3.5645925998687744,4.7394349575042725
PBE,PBE,16,N/A,NAO-VCC-4Z,3.4620306864886787,-14854.889515585139,-14854.8895155852,-8328.727772807892,-8328.727772807948,2.94554379637324e-14,50.83093786239624,9.761099338531494,10.805644750595093
PBE,PBE,16,N/A,NAO-VCC-3Z,2.362030686488679,-14854.908261792725,-14854.908261792734,-8328.542417699045,-8328.542417699053,-1.869287409236864e-14,26.271092176437378,3.6204802989959717,4.629072666168213
PBE,PBE,16,N/A,NAO-VCC-3Z,2.7620306864886794,-14854.847616885909,-14854.847616885905,-8328.586292800392,-8328.586292800388,-1.1536713202461857e-13,26.655359983444214,3.5024235248565674,4.548328638076782
PBE,PBE,16,N/A,NAO-VCC-4Z,3.2620306864886794,-14854.902249980838,-14854.902249980829,-8328.717989590867,-8328.717989590852,1.0913617399382902e-13,51.30945920944214,9.425754070281982,10.963631629943848
PBE,PBE,16,N/A,NAO-VCC-3Z,1.9620306864886794,-14854.965869877968,-14854.96586987797,-8328.474295694748,-8328.47429569475,-5.041411497638815e-14,26.06214189529419,3.7208800315856934,4.820315361022949
PBE,PBE,16,N/A,NAO-VCC-4Z,3.362030686488679,-14854.89550715875,-14854.895507158688,-8328.720342884735,-8328.720342884675,2.328112500595003e-13,51.256728649139404,8.527212381362915,11.99687147140503
PBE,PBE,16,N/A,NAO-VCC-3Z,1.8620306864886793,-14854.967661511397,-14854.967661511404,-8328.414083363255,-8328.414083363263,7.023989052890035e-14,26.281019687652588,3.7527832984924316,4.828600168228149
PBE,PBE,16,N/A,NAO-VCC-3Z,2.0620306864886793,-14854.955988893778,-14854.955988893787,-8328.496604402284,-8328.496604402291,1.0800327253368548e-13,27.14013957977295,3.609003782272339,4.713420391082764
PBE,PBE,16,N/A,NAO-VCC-3Z,2.6620306864886794,-14854.861071883663,-14854.861071883674,-8328.571639245303,-8328.571639245314,4.720422750598141e-14,27.54417133331299,3.5224015712738037,4.542277097702026
PBE,PBE,16,N/A,NAO-VCC-3Z,2.16203068648868,-14854.941659998289,-14854.94165999828,-8328.515537391497,-8328.51553739149,1.0139468068284807e-13,27.13713049888611,3.6572296619415283,4.819187164306641
PBE,PBE,16,N/A,NAO-VCC-4Z,3.0620306864886793,-14854.917509300421,-14854.917509300392,-8328.680515132419,-8328.680515132393,1.2405270988571916e-13,52.72757625579834,8.769016742706299,11.300203800201416
PBE,PBE,16,N/A,NAO-VCC-4Z,3.162030686488679,-14854.908989940268,-14854.908989940282,-8328.692955429728,-8328.69295542974,8.345707423057513e-14,53.01322960853577,8.96414041519165,11.107205629348755
PBE,PBE,16,N/A,NAO-VCC-3Z,1.7620306864886794,-14854.955846169218,-14854.955846169209,-8328.366754067632,-8328.366754067625,-6.495301704823042e-14,27.279892921447754,3.769991159439087,4.874056339263916
PBE,PBE,16,N/A,NAO-VCC-3Z,1.5620306864886795,-14854.85418743122,-14854.854187431227,-8328.140414865882,-8328.14041486589,-5.6645073007177695e-14,27.301623106002808,3.887364387512207,4.963982343673706
PBE,PBE,16,N/A,NAO-VCC-3Z,1.4620306864886796,-14854.73369427014,-14854.733694270119,-8327.94138234451,-8327.941382344488,4.1539720205263645e-14,27.301647901535034,3.849682569503784,5.076741695404053
PBE,PBE,16,N/A,NAO-VCC-3Z,1.6620306864886796,-14854.922132820864,-14854.922132820875,-8328.270064964687,-8328.270064964698,6.193194648784761e-14,28.08911442756653,3.7302229404449463,4.844148874282837
PBE,PBE,16,N/A,NAO-VCC-3Z,1.2620306864886794,-14854.212132388957,-14854.212132388973,-8327.239494849711,-8327.239494849728,1.3783634431746572e-14,27.752856969833374,3.9169743061065674,5.0816428661346436
PBE,PBE,16,N/A,NAO-VCC-3Z,1.3620306864886795,-14854.533362510863,-14854.533362510845,-8327.658916752713,-8327.658916752694,9.440845501196282e-15,29.335153818130493,3.88277006149292,4.991509675979614
PBE,PBE,16,N/A,NAO-VCC-4Z,2.9620306864886796,-14854.927063681305,-14854.927063681334,-8328.67086061695,-8328.670860616978,-2.541475608922039e-13,54.31283688545227,10.118846416473389,11.465739250183105
PBE,PBE,16,N/A,NAO-VCC-4Z,2.862030686488679,-14854.937743138453,-14854.937743138493,-8328.66384714584,-8328.663847145883,-1.7125693739170057e-13,54.73894286155701,9.044928312301636,11.817822217941284
PBE,PBE,16,N/A,NAO-VCC-3Z,4.362030686488679,-14854.751793357542,-14854.751793357542,-8328.744653440644,-8328.744653440644,1.9825775552512195e-14,23.22007179260254,3.3202102184295654,4.2442851066589355
PBE,PBE,16,N/A,NAO-VCC-3Z,4.062030686488679,-14854.759251246547,-14854.75925124656,-8328.699361500085,-8328.699361500097,-3.776338200478513e-15,23.22505259513855,3.34275221824646,4.233872890472412
PBE,PBE,16,N/A,NAO-VCC-3Z,4.2620306864886786,-14854.75400351641,-14854.754003516426,-8328.729362951686,-8328.7293629517,2.171394465275145e-14,23.223539352416992,3.3412227630615234,4.253713369369507
PBE,PBE,16,N/A,NAO-VCC-3Z,4.162030686488679,-14854.756476765693,-14854.756476765691,-8328.71542468849,-8328.715424688486,5.853324210741695e-15,23.22265934944153,3.3466343879699707,4.233007431030273
PBE,PBE,16,N/A,NAO-VCC-3Z,3.962030686488679,-14854.762355496432,-14854.762355496425,-8328.689717208297,-8328.68971720829,-3.4931128354426244e-14,23.226282358169556,3.3809728622436523,4.270517110824585
PBE,PBE,16,N/A,NAO-VCC-3Z,3.86203068648868,-14854.765839334388,-14854.765839334386,-8328.689044485232,-8328.68904448523,-9.780715939239349e-14,23.226608753204346,3.377281427383423,4.306363821029663
PBE,PBE,16,N/A,NAO-VCC-3Z,3.662030686488679,-14854.774152566979,-14854.774152566977,-8328.662638320779,-8328.662638320777,-4.097326947519187e-14,23.267601251602173,3.376485586166382,4.301160097122192
PBE,PBE,16,N/A,NAO-VCC-3Z,3.762030686488679,-14854.769757093352,-14854.769757093349,-8328.684804079645,-8328.684804079643,-4.153972020526365e-15,23.22428870201111,3.371060848236084,4.341189861297607
PBE,PBE,16,N/A,NAO-VCC-3Z,3.5620306864886793,-14854.779094564788,-14854.77909456479,-8328.656068405333,-8328.656068405335,3.3987043804306617e-14,23.324230670928955,3.393026113510132,4.311704397201538
PBE,PBE,16,N/A,NAO-VCC-3Z,3.362030686488679,-14854.790890120094,-14854.790890120088,-8328.633639361617,-8328.633639361611,-9.082093372150824e-14,23.546610116958618,3.4154837131500244,4.344886302947998
PBE,PBE,16,N/A,NAO-VCC-3Z,3.4620306864886787,-14854.784650933756,-14854.784650933758,-8328.64718891844,-8328.647188918443,-3.9273917284976533e-14,23.5271999835968,3.4234259128570557,4.366384506225586
PBE,PBE,16,N/A,NAO-VCC-3Z,3.2620306864886794,-14854.797898290326,-14854.797898290324,-8328.619542103726,-8328.619542103725,-4.286143857543112e-14,23.808202505111694,3.4361205101013184,4.355916500091553
PBE,PBE,16,N/A,NAO-VCC-3Z,3.0620306864886793,-14854.814571479867,-14854.814571479876,-8328.618059514316,-8328.618059514325,9.894006085253705e-14,23.85567331314087,3.4860825538635254,4.454574346542358
PBE,PBE,16,N/A,NAO-VCC-3Z,2.9620306864886796,-14854.824427610854,-14854.824427610873,-8328.599568462378,-8328.599568462396,8.30794404105273e-15,24.001235485076904,3.4305450916290283,4.425876140594482
PBE,PBE,16,N/A,NAO-VCC-3Z,3.162030686488679,-14854.805760197381,-14854.805760197385,-8328.613210546871,-8328.613210546875,5.475690390693844e-15,24.018842935562134,3.5109975337982178,4.419710397720337
PBE,PBE,22,N/A,NAO-VCC-3Z,2.7620306864886794,-14854.847616885922,-14854.84761688593,-10467.832393838567,-10467.832393838577,-6.079904502770406e-14,24.3154513835907,3.476163864135742,4.671247243881226
PBE,PBE,22,N/A,NAO-VCC-3Z,2.6620306864886794,-14854.861071883659,-14854.861071883679,-10467.821751323077,-10467.821751323096,2.341329684296678e-14,24.423492431640625,3.5442261695861816,4.5637102127075195
PBE,PBE,16,N/A,NAO-VCC-3Z,2.862030686488679,-14854.835416581915,-14854.835416581924,-8328.586445246478,-8328.586445246487,7.665966546971381e-14,24.60753583908081,3.622939348220825,4.5085906982421875
PBE,PBE,22,N/A,NAO-VCC-3Z,2.5620306864886793,-14854.875765619909,-14854.875765619889,-10467.824711481922,-10467.824711481902,-1.774878954224901e-14,24.65795087814331,3.661503791809082,4.5920798778533936
PBE,PBE,22,N/A,NAO-VCC-3Z,2.462030686488679,-14854.891586239539,-14854.891586239553,-10467.821665368117,-10467.821665368134,-2.6434367403349592e-14,25.19574737548828,3.5841269493103027,4.688372373580933
PBE,PBE,22,N/A,NAO-VCC-3Z,2.362030686488679,-14854.908261792774,-14854.908261792769,-10467.815842561748,-10467.81584256174,4.531605840574215e-15,25.19246196746826,3.6811161041259766,4.647532939910889
PBE,PBE,22,N/A,NAO-VCC-3Z,2.262030686488679,-14854.925255445052,-14854.925255445041,-10467.811102343192,-10467.811102343181,-9.818479321244133e-15,25.223875999450684,3.622793197631836,4.6862733364105225
PBE,PBE,22,N/A,NAO-VCC-3Z,1.9620306864886794,-14854.96586987796,-14854.965869877964,-10467.800219759352,-10467.800219759356,-7.477149636947456e-14,25.219976902008057,3.713484048843384,4.823548078536987
PBE,PBE,22,N/A,NAO-VCC-3Z,2.16203068648868,-14854.94165999826,-14854.941659998261,-10467.809583628125,-10467.809583628128,1.1668885039478606e-13,25.810583353042603,3.582393169403076,4.696738243103027
PBE,PBE,22,N/A,NAO-VCC-3Z,2.0620306864886793,-14854.955988893793,-14854.955988893777,-10467.803125187595,-10467.803125187576,-5.89108759274648e-14,25.68628430366516,3.6756904125213623,4.712683916091919
PBE,PBE,22,N/A,NAO-VCC-3Z,1.7620306864886794,-14854.955846169196,-14854.955846169196,-10467.727430862098,-10467.727430862098,1.661588808210546e-14,26.181878328323364,3.768118381500244,4.880121231079102
PBE,PBE,22,N/A,NAO-VCC-3Z,1.6620306864886796,-14854.92213282086,-14854.922132820857,-10467.649187501305,-10467.6491875013,-3.700811436468943e-14,26.482126235961914,3.7448716163635254,4.883047103881836
PBE,PBE,22,N/A,NAO-VCC-3Z,1.8620306864886793,-14854.967661511411,-14854.967661511399,-10467.758558360776,-10467.758558360765,9.365318737186712e-14,26.45348572731018,3.76350998878479,4.882056951522827
PBE,PBE,22,N/A,NAO-VCC-3Z,1.4620306864886796,-14854.7336942701,-14854.733694270115,-10467.396910662927,-10467.39691066294,7.401622872937886e-14,27.188899040222168,3.8107917308807373,5.032877683639526
PBE,PBE,22,N/A,NAO-VCC-3Z,1.5620306864886795,-14854.85418743121,-14854.8541874312,-10467.55447852908,-10467.55447852907,-6.079904502770406e-14,27.316535711288452,3.852360486984253,5.001113176345825
PBE,PBE,22,N/A,NAO-VCC-3Z,1.3620306864886795,-14854.533362510827,-14854.533362510823,-10467.155162576779,-10467.155162576775,3.0210705603828104e-15,27.48205327987671,3.892733097076416,5.061216354370117
PBE,PBE,22,N/A,NAO-VCC-3Z,1.2620306864886794,-14854.212132388968,-14854.212132388971,-10466.785771386329,-10466.785771386332,1.0271639905301556e-13,27.63787031173706,3.9802253246307373,5.079666376113892
PBE,PBE,22,N/A,NAO-VCC-3Z,4.362030686488679,-14854.751793357551,-14854.751793357565,-10467.927128131738,-10467.927128131749,-9.138738445158001e-14,23.39285397529602,3.352849006652832,4.230469465255737
PBE,PBE,22,N/A,NAO-VCC-3Z,4.062030686488679,-14854.759251246569,-14854.759251246565,-10467.90770880981,-10467.907708809806,-4.380552312555075e-14,23.367454528808594,3.352492332458496,4.26477837562561
PBE,PBE,22,N/A,NAO-VCC-3Z,3.86203068648868,-14854.765839334395,-14854.765839334392,-10467.886586066203,-10467.8865860662,-1.1140197691411613e-13,23.40187120437622,3.388559341430664,4.2543487548828125
PBE,PBE,22,N/A,NAO-VCC-3Z,4.2620306864886786,-14854.754003516407,-14854.754003516417,-10467.917304689294,-10467.917304689303,-1.6993521902153308e-14,23.372846603393555,3.3629190921783447,4.231298446655273
PBE,PBE,22,N/A,NAO-VCC-3Z,3.762030686488679,-14854.76975709336,-14854.769757093356,-10467.8864739112,-10467.886473911196,-3.738574818473728e-14,23.3647198677063,3.378302812576294,4.327621221542358
PBE,PBE,22,N/A,NAO-VCC-3Z,3.962030686488679,-14854.762355496407,-14854.76235549642,-10467.901788967813,-10467.901788967825,2.4168564483062483e-14,23.366679191589355,3.388655662536621,4.298293828964233
PBE,PBE,22,N/A,NAO-VCC-3Z,4.162030686488679,-14854.75647676567,-14854.756476765679,-10467.912619524634,-10467.912619524643,5.853324210741696e-14,23.37374973297119,3.3617520332336426,4.315793991088867
PBE,PBE,22,N/A,NAO-VCC-3Z,3.5620306864886793,-14854.779094564812,-14854.779094564801,-10467.871676177627,-10467.871676177614,-9.818479321244133e-14,23.392375946044922,3.5056819915771484,4.314909934997559
PBE,PBE,22,N/A,NAO-VCC-3Z,3.662030686488679,-14854.77415256698,-14854.774152566984,-10467.876531018945,-10467.876531018948,-1.8881691002392564e-14,23.37628698348999,3.5952842235565186,4.320681095123291
PBE,PBE,22,N/A,NAO-VCC-3Z,3.4620306864886787,-14854.784650933754,-14854.784650933758,-10467.861198426132,-10467.861198426135,3.209887470406736e-14,23.493403911590576,3.4347383975982666,4.40448784828186
PBE,PBE,22,N/A,NAO-VCC-3Z,3.362030686488679,-14854.790890120114,-14854.790890120112,-10467.85624419236,-10467.856244192359,1.170664842148339e-14,23.802679538726807,3.439352035522461,4.417398452758789
PBE,PBE,22,N/A,NAO-VCC-3Z,3.2620306864886794,-14854.79789829034,-14854.797898290328,-10467.852598185513,-10467.852598185498,4.153972020526365e-15,23.84358048439026,3.4287400245666504,4.407048225402832
PBE,PBE,22,N/A,NAO-VCC-3Z,3.0620306864886793,-14854.81457147987,-14854.814571479872,-10467.837041976092,-10467.837041976094,5.5889805367081995e-14,23.98164415359497,3.5400288105010986,4.442046165466309
PBE,PBE,22,N/A,NAO-VCC-3Z,3.162030686488679,-14854.805760197376,-14854.805760197383,-10467.846556796569,-10467.846556796576,-4.833712896612497e-14,24.22542953491211,3.446873426437378,4.454887390136719
PBE,PBE,22,N/A,NAO-VCC-3Z,2.9620306864886796,-14854.824427610887,-14854.82442761088,-10467.830267629008,-10467.830267628999,-4.8714762786172817e-14,24.185423135757446,3.4986393451690674,4.468488454818726
PBE,PBE,22,N/A,NAO-VCC-3Z,2.862030686488679,-14854.835416581886,-14854.83541658189,-10467.835014667718,-10467.835014667722,-6.495301704823042e-14,24.83526587486267,3.584949016571045,4.566721200942993
PBE,PBE,22,N/A,NAO-VCC-4Z,2.6620306864886794,-14854.962764087273,-14854.962764087324,-10467.903611865404,-10467.903611865459,1.812642336229686e-14,55.01893639564514,8.978456735610962,11.738115549087524
PBE,PBE,22,N/A,NAO-VCC-4Z,2.7620306864886794,-14854.94962788954,-14854.949627889562,-10467.90030810771,-10467.900308107732,-9.554135647210638e-14,55.09804630279541,9.167612791061401,11.76511812210083
PBE,PBE,22,N/A,NAO-VCC-4Z,2.5620306864886793,-14854.977139354087,-14854.977139354125,-10467.89877782526,-10467.89877782529,9.554135647210638e-14,54.99207139015198,9.166350841522217,11.968074321746826
PBE,PBE,22,N/A,NAO-VCC-4Z,2.462030686488679,-14854.9926459372,-14854.99264593717,-10467.895531232069,-10467.89553123204,-2.775608577351707e-13,55.96690011024475,9.276289224624634,12.162378311157227
PBE,PBE,22,N/A,NAO-VCC-4Z,2.0620306864886793,-14855.055972713239,-14855.055972713222,-10467.875928046908,-10467.875928046891,1.178217518549296e-13,55.2452027797699,9.686169862747192,12.660309553146362
PBE,PBE,22,N/A,NAO-VCC-4Z,2.362030686488679,-14855.009017378688,-14855.009017378618,-10467.89531513019,-10467.895315130121,-1.325494708367958e-13,56.70964312553406,9.470305681228638,12.183107137680054
PBE,PBE,22,N/A,NAO-VCC-4Z,2.262030686488679,-14855.025724603911,-14855.025724603907,-10467.891654107247,-10467.89165410724,-3.663048054464158e-14,57.6794159412384,9.535413265228271,12.394853591918945
PBE,PBE,22,N/A,NAO-VCC-4Z,2.16203068648868,-14855.04186922349,-14855.041869223513,-10467.887751829487,-10467.887751829508,1.2461916061579093e-14,58.33885669708252,9.661688327789307,12.658026695251465
PBE,PBE,22,N/A,NAO-VCC-4Z,1.9620306864886794,-14855.065670153457,-14855.065670153434,-10467.861595828705,-10467.861595828683,3.8141015824832984e-14,59.70095252990723,9.798970222473145,12.853394269943237
PBE,PBE,22,N/A,NAO-VCC-4Z,1.8620306864886793,-14855.067327911336,-14855.06732791131,-10467.826589412964,-10467.826589412944,9.516372265205853e-14,60.885305881500244,10.003894090652466,13.09415888786316
PBE,PBE,22,N/A,NAO-VCC-4Z,1.7620306864886794,-14855.055431981424,-14855.055431981455,-10467.793665531004,-10467.793665531035,-2.001459246253612e-13,61.61537742614746,10.211358547210693,13.314140319824219
PBE,PBE,22,N/A,NAO-VCC-4Z,1.6620306864886796,-14855.021697725808,-14855.021697725884,-10467.721374377954,-10467.721374378034,-3.738574818473728e-14,62.2374324798584,10.285904884338379,13.459717273712158
PBE,PBE,22,N/A,NAO-VCC-4Z,1.5620306864886795,-14854.953799238816,-14854.953799238918,-10467.629389967995,-10467.6293899681,1.140454136544511e-13,63.710068225860596,10.464101076126099,13.54462194442749
PBE,PBE,22,N/A,NAO-VCC-4Z,1.4620306864886796,-14854.833434632785,-14854.833434632737,-10467.4721019971,-10467.47210199705,-9.931769467258489e-14,64.70513916015625,10.661377668380737,13.933860540390015
PBE,PBE,22,N/A,NAO-VCC-4Z,1.3620306864886795,-14854.633338052807,-14854.633338052825,-10467.225405636438,-10467.22540563646,3.172124088401951e-14,65.6412878036499,10.733361959457397,14.028647899627686
PBE,PBE,22,N/A,NAO-VCC-4Z,1.2620306864886794,-14854.311673808106,-14854.311673808214,-10466.864492785642,-10466.864492785757,6.608591850837398e-14,65.77316737174988,10.801678895950317,14.275170803070068
PBE,PBE,22,N/A,NAO-VCC-4Z,4.362030686488679,-14854.858043630898,-14854.858043630893,-10468.0088728345,-10468.0088728345,-2.6963054751416585e-13,49.01012897491455,7.892941951751709,10.2325119972229
PBE,PBE,22,N/A,NAO-VCC-4Z,4.2620306864886786,-14854.860163785925,-14854.860163785881,-10468.002038742405,-10468.002038742365,-2.567909976325389e-13,48.98793172836304,7.906041383743286,10.233343839645386
PBE,PBE,22,N/A,NAO-VCC-4Z,4.162030686488679,-14854.862535009328,-14854.86253500933,-10467.99969765122,-10467.999697651221,-4.078445256516794e-14,49.29388451576233,8.060873985290527,10.458803176879883
PBE,PBE,22,N/A,NAO-VCC-4Z,4.062030686488679,-14854.865192989022,-14854.865192988986,-10467.980943895102,-10467.980943895065,1.2537442825588662e-13,49.76680016517639,8.153239727020264,10.49340534210205
PBE,PBE,22,N/A,NAO-VCC-4Z,3.962030686488679,-14854.868164119283,-14854.868164119205,-10467.982294393836,-10467.982294393767,-1.4878772509885342e-13,50.22104740142822,8.09311032295227,10.389424324035645
PBE,PBE,22,N/A,NAO-VCC-4Z,3.86203068648868,-14854.871499328248,-14854.871499328276,-10467.969460904886,-10467.969460904911,2.3375533460961994e-13,50.864660024642944,8.317556858062744,10.64999771118164
PBE,PBE,22,N/A,NAO-VCC-4Z,3.762030686488679,-14854.875248249095,-14854.875248249145,-10467.963688709173,-10467.963688709224,-2.0958677012655748e-13,51.12124228477478,8.289633750915527,10.626339197158813
PBE,PBE,22,N/A,NAO-VCC-4Z,3.662030686488679,-14854.879455486313,-14854.879455486314,-10467.95817066366,-10467.95817066366,-1.2915076645636516e-13,51.075173139572144,8.363994121551514,10.915515422821045
PBE,PBE,22,N/A,NAO-VCC-4Z,3.5620306864886793,-14854.884189310398,-14854.884189310495,-10467.950526555396,-10467.950526555485,4.531605840574215e-15,51.27738547325134,8.411430358886719,10.903305530548096
PBE,PBE,22,N/A,NAO-VCC-4Z,3.4620306864886787,-14854.88951558524,-14854.889515585193,-10467.939572409847,-10467.939572409805,-2.1525127742727525e-14,51.5371356010437,8.644205093383789,10.92518401145935
PBE,PBE,22,N/A,NAO-VCC-4Z,3.362030686488679,-14854.895507158764,-14854.895507158724,-10467.934647138347,-10467.934647138307,-2.4546198303110333e-14,52.05391788482666,8.532776594161987,11.053936004638672
PBE,PBE,22,N/A,NAO-VCC-4Z,3.2620306864886794,-14854.902249980702,-14854.902249980785,-10467.926680843622,-10467.926680843706,-1.7182338812177235e-13,52.26014304161072,8.51588773727417,11.047227621078491
PBE,PBE,22,N/A,NAO-VCC-4Z,3.0620306864886793,-14854.917509300447,-14854.917509300401,-10467.918798976443,-10467.918798976398,2.94554379637324e-14,53.19795894622803,8.733460426330566,11.365209102630615
PBE,PBE,22,N/A,NAO-VCC-4Z,3.162030686488679,-14854.908989940359,-14854.908989940304,-10467.928682097347,-10467.928682097288,1.6691414846115027e-13,53.64063239097595,8.622767925262451,11.156210660934448
PBE,PBE,22,N/A,NAO-VCC-4Z,2.9620306864886796,-14854.927063681444,-14854.9270636814,-10467.91091138523,-10467.910911385192,2.13363108327036e-13,54.274070262908936,8.89237642288208,11.595505475997925
PBE,PBE,22,N/A,NAO-VCC-4Z,2.862030686488679,-14854.937743138473,-14854.937743138506,-10467.908699806287,-10467.90869980632,1.2839549881626945e-14,55.28884744644165,9.056708335876465,11.8414306640625
PBE,PBE,22,N/A,NAO-VCC-5Z,4.362030686488679,-14854.884004979669,-14854.884004979664,-10468.05200489676,-10468.05200489676,-1.4123504869789638e-13,122.7995069026947,22.236220359802246,28.21786665916443
PBE,PBE,22,N/A,NAO-VCC-5Z,4.2620306864886786,-14854.8860743961,-14854.886074396045,-10468.035456375554,-10468.035456375499,1.1517831511459466e-13,123.42898750305176,22.55605673789978,28.542985916137695
PBE,PBE,22,N/A,NAO-VCC-5Z,4.162030686488679,-14854.888391016295,-14854.888391016302,-10468.024835568958,-10468.02483556897,-3.398704380430662e-15,124.94272780418396,22.74464440345764,28.792417764663696
PBE,PBE,22,N/A,NAO-VCC-5Z,4.062030686488679,-14854.890987414337,-14854.890987414357,-10468.023648844124,-10468.02364884414,-5.6645073007177695e-15,125.86974501609802,22.704830408096313,28.91558051109314
PBE,PBE,22,N/A,NAO-VCC-5Z,3.962030686488679,-14854.893889601324,-14854.893889601386,-10468.00357875521,-10468.003578755273,2.59056800552826e-13,126.23487949371338,22.954285144805908,28.96971082687378
PBE,PBE,22,N/A,NAO-VCC-5Z,3.86203068648868,-14854.897150208231,-14854.897150208253,-10467.995471872118,-10467.995471872142,-3.8141015824832984e-14,127.18862390518188,23.11993098258972,29.37080478668213
PBE,PBE,22,N/A,NAO-VCC-5Z,3.5620306864886793,-14854.909570859858,-14854.909570859802,-10467.977595367225,-10467.977595367165,3.398704380430662e-15,128.55749559402466,23.208965301513672,29.576619625091553
PBE,PBE,22,N/A,NAO-VCC-5Z,3.762030686488679,-14854.90081561568,-14854.900815615672,-10467.993902358858,-10467.993902358845,4.712870074197184e-13,129.34149932861328,23.44796109199524,29.61668109893799
PBE,PBE,22,N/A,NAO-VCC-5Z,3.662030686488679,-14854.904932629008,-14854.90493262914,-10467.985845034174,-10467.985845034305,-1.3481527375708292e-13,129.3002233505249,23.42111849784851,29.796316623687744
PBE,PBE,22,N/A,NAO-VCC-5Z,3.4620306864886787,-14854.91479525424,-14854.914795254133,-10467.968847765715,-10467.968847765605,7.854783456995307e-14,130.78401708602905,23.59364676475525,30.070537328720093
PBE,PBE,22,N/A,NAO-VCC-5Z,3.362030686488679,-14854.920680814688,-14854.920680814655,-10467.964228902387,-10467.964228902352,1.2612969589598233e-13,131.55447721481323,23.84349274635315,30.40176796913147
PBE,PBE,22,N/A,NAO-VCC-5Z,3.2620306864886794,-14854.927312834337,-14854.927312834423,-10467.959885680972,-10467.959885681053,1.1026907545397258e-13,132.2562656402588,23.905322074890137,30.53461503982544
PBE,PBE,22,N/A,NAO-VCC-5Z,3.162030686488679,-14854.934779781579,-14854.934779781543,-10467.954705376293,-10467.95470537625,1.85418205643495e-13,132.87383008003235,24.02485203742981,30.648596048355103
PBE,PBE,22,N/A,NAO-VCC-5Z,3.0620306864886793,-14854.943179127096,-14854.943179127093,-10467.946762649552,-10467.94676264955,-1.6087200734038464e-13,134.2572202682495,24.124799489974976,30.931397199630737
PBE,PBE,22,N/A,NAO-VCC-5Z,2.862030686488679,-14854.962291294607,-14854.962291294565,-10467.93869597923,-10467.938695979185,-3.587521290454587e-14,135.61972069740295,24.249666929244995,31.27980875968933
PBE,PBE,22,N/A,NAO-VCC-5Z,2.9620306864886796,-14854.952608808277,-14854.952608808355,-10467.941850518559,-10467.941850518637,2.061880657461268e-13,135.9988706111908,24.50234293937683,31.119722604751587
PBE,PBE,22,N/A,NAO-VCC-5Z,2.462030686488679,-14855.016702429291,-14855.016702429271,-10467.920938384348,-10467.92093838433,8.458997569071869e-14,139.93016695976257,24.754117012023926,31.875219583511353
PBE,PBE,22,N/A,NAO-VCC-5Z,2.362030686488679,-14855.032957141431,-14855.032957141433,-10467.92035963748,-10467.920359637481,2.5565809617239535e-13,139.9437735080719,24.830233335494995,31.846295833587646
PBE,PBE,22,N/A,NAO-VCC-5Z,2.0620306864886793,-14855.078688345504,-14855.078688345597,-10467.905627249336,-10467.905627249424,1.302836679165087e-13,137.76960635185242,25.672003030776978,33.018959760665894
PBE,PBE,22,N/A,NAO-VCC-5Z,2.6620306864886794,-14854.987065750847,-14854.987065750827,-10467.928318151564,-10467.928318151546,-2.673647445938787e-13,140.60841274261475,25.12793755531311,32.37201499938965
PBE,PBE,22,N/A,NAO-VCC-5Z,2.7620306864886794,-14854.974053599655,-14854.974053599748,-10467.92726226799,-10467.92726226808,1.0687037107354192e-13,141.27635955810547,25.17958927154541,32.19632935523987
PBE,PBE,22,N/A,NAO-VCC-5Z,2.262030686488679,-14855.049552264645,-14855.04955226462,-10467.916256791406,-10467.916256791388,1.5407459857952333e-13,141.97040939331055,25.330698490142822,32.412909746170044
PBE,PBE,22,N/A,NAO-VCC-5Z,2.5620306864886793,-14855.001317083537,-14855.001317083488,-10467.922144567234,-10467.922144567185,-5.2868734806699184e-14,143.6680302619934,25.520416736602783,32.946884632110596
PBE,PBE,22,N/A,NAO-VCC-5Z,2.16203068648868,-14855.064678892339,-14855.064678892388,-10467.912075268381,-10467.912075268428,-1.2084282241531242e-14,144.1470832824707,25.635077476501465,32.88180422782898
PBE,PBE,22,N/A,NAO-VCC-5Z,1.9620306864886794,-14855.088296966265,-14855.088296966322,-10467.883990271352,-10467.883990271413,-4.1162086385215795e-14,146.8890824317932,25.81991457939148,33.33681797981262
PBE,PBE,22,N/A,NAO-VCC-5Z,1.8620306864886793,-14855.089872770808,-14855.089872770897,-10467.854315338831,-10467.854315338922,-1.6993521902153308e-14,149.83911800384521,26.149261713027954,33.88931441307068
PBE,PBE,22,N/A,NAO-VCC-5Z,1.7620306864886794,-14855.077904424023,-14855.077904424003,-10467.821001710905,-10467.821001710887,-1.4010214723775283e-13,151.12356185913086,26.725104570388794,34.40246033668518
PBE,PBE,22,N/A,NAO-VCC-5Z,1.6620306864886796,-14855.044112954938,-14855.044112954953,-10467.744595850309,-10467.744595850327,-8.496760951076655e-14,153.94507670402527,27.02068042755127,34.87046790122986
PBE,PBE,22,N/A,NAO-VCC-5Z,1.5620306864886795,-14854.976178828987,-14854.976178829036,-10467.653249475683,-10467.65324947573,-6.684118614846968e-14,156.63055276870728,27.396445512771606,35.51488757133484
PBE,PBE,22,N/A,NAO-VCC-5Z,1.4620306864886796,-14854.855799676452,-14854.855799676356,-10467.496195707598,-10467.4961957075,7.552676400957026e-15,158.61880207061768,27.68523144721985,35.9065158367157
PBE,PBE,22,N/A,NAO-VCC-5Z,1.2620306864886794,-14854.332628429089,-14854.332628429154,-10466.88374981815,-10466.883749818215,1.510535280191405e-13,162.91166639328003,28.50604224205017,36.86923885345459
PBE,PBE,22,N/A,NAO-VCC-5Z,1.3620306864886795,-14854.655645897303,-14854.655645897315,-10467.256364371995,-10467.256364372013,6.797408760861323e-14,162.72843861579895,28.51146173477173,37.02064919471741
PBE,PBE,28,N/A,NAO-VCC-5Z,2.462030686488679,-14855.016702429159,-14855.016702429262,-12607.514632001974,-12607.514632002083,1.0573746961339836e-14,138.4977090358734,24.804174184799194,31.813719272613525
PBE,PBE,28,N/A,NAO-VCC-5Z,2.362030686488679,-14855.032957141564,-14855.032957141486,-12607.512641643165,-12607.512641643083,-1.6238254262057607e-13,138.49434113502502,24.78053379058838,31.799519538879395
PBE,PBE,28,N/A,NAO-VCC-5Z,2.0620306864886793,-14855.078688345484,-14855.07868834562,-12607.517513458442,-12607.517513458575,2.907780414368455e-14,135.81281638145447,25.614299058914185,32.9429075717926
PBE,PBE,28,N/A,NAO-VCC-5Z,2.6620306864886794,-14854.98706575075,-14854.987065750769,-12607.506802397675,-12607.50680239769,-1.699352190215331e-13,138.49272441864014,25.03529977798462,32.27043533325195
PBE,PBE,28,N/A,NAO-VCC-5Z,2.7620306864886794,-14854.974053599624,-14854.974053599639,-12607.502963545252,-12607.502963545267,1.0951380781387688e-14,138.92792892456055,25.262457132339478,32.02228593826294
PBE,PBE,28,N/A,NAO-VCC-5Z,2.262030686488679,-14855.049552264529,-14855.04955226458,-12607.511654552462,-12607.511654552509,1.47277189818662e-14,140.60448670387268,25.24015474319458,32.404003620147705
PBE,PBE,28,N/A,NAO-VCC-5Z,2.5620306864886793,-14855.001317083317,-14855.001317083403,-12607.506646858837,-12607.506646858925,5.060293188641207e-14,141.88688206672668,25.66971445083618,32.998592138290405
PBE,PBE,28,N/A,NAO-VCC-5Z,2.16203068648868,-14855.0646788924,-14855.064678892357,-12607.505856602238,-12607.50585660219,-1.47277189818662e-14,142.45692586898804,25.668010711669922,32.88105535507202
PBE,PBE,28,N/A,NAO-VCC-5Z,1.9620306864886794,-14855.088296966363,-14855.088296966325,-12607.496867714011,-12607.496867713968,-3.821654258884255e-13,144.87862277030945,25.800743579864502,33.405049562454224
PBE,PBE,28,N/A,NAO-VCC-5Z,1.8620306864886793,-14855.089872770775,-14855.08987277077,-12607.47820191782,-12607.478201917816,-2.4546198303110336e-13,147.32718968391418,26.144441843032837,33.76516509056091
PBE,PBE,28,N/A,NAO-VCC-5Z,1.7620306864886794,-14855.077904424055,-14855.077904424052,-12607.46042593565,-12607.460425935646,2.8247009739579275e-13,148.54258561134338,26.5209321975708,34.19809055328369
PBE,PBE,28,N/A,NAO-VCC-5Z,1.6620306864886796,-14855.044112954998,-14855.044112955009,-12607.403926416686,-12607.403926416697,-3.5573105848507594e-13,151.74351453781128,26.933039665222168,34.76712489128113
PBE,PBE,28,N/A,NAO-VCC-5Z,1.5620306864886795,-14854.976178828969,-14854.976178828992,-12607.293321005085,-12607.293321005109,-2.1034203776665317e-13,155.51937103271484,27.47082543373108,35.64900827407837
PBE,PBE,28,N/A,NAO-VCC-5Z,1.4620306864886796,-14854.8557996764,-14854.855799676354,-12607.14938044595,-12607.149380445906,-1.8428530418335145e-13,157.20330500602722,27.723167657852173,35.85218811035156
PBE,PBE,28,N/A,NAO-VCC-5Z,1.2620306864886794,-14854.33262842923,-14854.332628429185,-12606.563820475674,-12606.563820475625,6.872935524870893e-14,161.13106536865234,28.29484272003174,36.84687328338623
PBE,PBE,28,N/A,NAO-VCC-5Z,1.3620306864886795,-14854.655645897368,-14854.655645897346,-12606.92498576401,-12606.924985763988,3.651719039862722e-13,161.18226528167725,28.471766233444214,36.89306402206421
PBE,PBE,28,N/A,NAO-VCC-5Z,4.362030686488679,-14854.884004979642,-14854.884004979629,-12607.561329115877,-12607.561329115866,1.0951380781387688e-14,120.4607322216034,22.198869705200195,28.237144231796265
PBE,PBE,28,N/A,NAO-VCC-5Z,4.2620306864886786,-14854.886074395832,-14854.886074395936,-12607.554366716518,-12607.554366716624,9.06321168114843e-15,121.46390986442566,22.476768493652344,28.30017352104187
PBE,PBE,28,N/A,NAO-VCC-5Z,4.162030686488679,-14854.888391016237,-14854.888391016328,-12607.550226915,-12607.550226915097,-2.6170023729316094e-13,122.86883306503296,22.72725200653076,28.735748052597046
PBE,PBE,28,N/A,NAO-VCC-5Z,4.062030686488679,-14854.890987414265,-14854.890987414348,-12607.536556460374,-12607.536556460454,4.965884733629245e-13,124.03655099868774,22.896066188812256,29.165988206863403
PBE,PBE,28,N/A,NAO-VCC-5Z,3.962030686488679,-14854.893889601464,-14854.893889601399,-12607.547146411178,-12607.54714641111,3.761232847676599e-13,124.7471821308136,23.056612968444824,29.153879404067993
PBE,PBE,28,N/A,NAO-VCC-5Z,3.86203068648868,-14854.897150208277,-14854.89715020816,-12607.542181516512,-12607.5421815164,5.74003406472734e-14,125.44266724586487,23.108882188796997,29.322599411010742
PBE,PBE,28,N/A,NAO-VCC-5Z,3.5620306864886793,-14854.909570859827,-14854.909570859802,-12607.516864741989,-12607.516864741965,2.8322536503588847e-14,126.59548807144165,23.230515241622925,29.51772451400757
PBE,PBE,28,N/A,NAO-VCC-5Z,3.762030686488679,-14854.900815615843,-14854.900815615725,-12607.528507684241,-12607.528507684121,-7.3638594909331e-14,127.15488743782043,23.384852170944214,29.550894498825073
PBE,PBE,28,N/A,NAO-VCC-5Z,3.662030686488679,-14854.904932629259,-14854.904932629159,-12607.523104065509,-12607.52310406541,1.435008516181835e-14,127.40692925453186,23.320412158966064,29.80085039138794
PBE,PBE,28,N/A,NAO-VCC-5Z,3.4620306864886787,-14854.914795254092,-14854.914795254115,-12607.511268281058,-12607.511268281076,-4.909239660622067e-15,129.002503156662,23.579975128173828,30.223767518997192
PBE,PBE,28,N/A,NAO-VCC-5Z,3.362030686488679,-14854.920680814648,-14854.920680814625,-12607.513944991213,-12607.513944991188,-9.176501827162787e-14,129.66694331169128,23.646387815475464,30.185742139816284
PBE,PBE,28,N/A,NAO-VCC-5Z,3.2620306864886794,-14854.927312834527,-14854.927312834454,-12607.509062149888,-12607.509062149813,-2.13363108327036e-13,130.82960200309753,23.95928692817688,30.577696084976196
PBE,PBE,28,N/A,NAO-VCC-5Z,3.162030686488679,-14854.934779781537,-14854.934779781603,-12607.507151212218,-12607.507151212289,2.0996440394660534e-13,131.2444131374359,23.934250831604004,30.599281311035156
PBE,PBE,28,N/A,NAO-VCC-5Z,3.0620306864886793,-14854.943179127093,-14854.943179127093,-12607.49778824289,-12607.497788242887,-2.054327981060311e-13,132.80406093597412,24.324004411697388,31.045918941497803
PBE,PBE,28,N/A,NAO-VCC-5Z,2.9620306864886796,-14854.952608808268,-14854.952608808344,-12607.505786132857,-12607.505786132931,-1.1744411803488174e-13,134.31894040107727,24.517831087112427,31.352843761444092
PBE,PBE,28,N/A,NAO-VCC-5Z,2.862030686488679,-14854.962291294672,-14854.962291294627,-12607.50070192137,-12607.500701921326,7.590439782961811e-14,136.28891396522522,24.36172389984131,31.327679872512817
PBE,PBE,28,N/A,NAO-VCC-4Z,2.6620306864886794,-14854.96276408724,-14854.962764087302,-12607.48119674413,-12607.481196744193,9.667425793224993e-14,55.89820694923401,9.07420301437378,11.836404800415039
PBE,PBE,28,N/A,NAO-VCC-4Z,2.7620306864886794,-14854.949627889584,-14854.949627889562,-12607.479118221921,-12607.479118221898,4.41831569455986e-14,55.89932370185852,9.171195983886719,11.84288740158081
PBE,PBE,28,N/A,NAO-VCC-4Z,2.5620306864886793,-14854.977139354103,-14854.97713935411,-12607.48686149641,-12607.486861496418,2.443290815709598e-13,55.9020619392395,9.197598457336426,11.84175729751587
PBE,PBE,28,N/A,NAO-VCC-4Z,2.0620306864886793,-14855.0559727133,-14855.055972713257,-12607.489666386362,-12607.48966638632,6.608591850837398e-14,55.89851379394531,9.698827743530273,12.59584355354309
PBE,PBE,28,N/A,NAO-VCC-4Z,2.462030686488679,-14854.992645937127,-14854.99264593717,-12607.490922862078,-12607.490922862122,2.001459246253612e-14,57.44133901596069,9.394561529159546,12.180641889572144
PBE,PBE,28,N/A,NAO-VCC-4Z,2.362030686488679,-14855.00901737871,-14855.009017378621,-12607.489494627964,-12607.489494627876,1.178217518549296e-13,57.47952842712402,9.413042545318604,12.34231972694397
PBE,PBE,28,N/A,NAO-VCC-4Z,2.262030686488679,-14855.025724603916,-14855.025724603895,-12607.487683541622,-12607.487683541602,-9.138738445158001e-14,58.04902362823486,9.561799049377441,12.417155027389526
PBE,PBE,28,N/A,NAO-VCC-4Z,2.16203068648868,-14855.041869223523,-14855.041869223538,-12607.485705260371,-12607.485705260387,7.061752434894819e-14,58.96203351020813,9.70309853553772,12.655383825302124
PBE,PBE,28,N/A,NAO-VCC-4Z,1.9620306864886794,-14855.065670163247,-14855.065670153443,-12607.478637943446,-12607.47863793365,-1.2235335769550382e-13,60.43353724479675,9.780332803726196,12.79776668548584
PBE,PBE,28,N/A,NAO-VCC-4Z,1.8620306864886793,-14855.06732791143,-14855.067327911367,-12607.46005654053,-12607.460056540473,-1.6729178228119812e-13,61.43142318725586,9.966470003128052,13.103477478027344
PBE,PBE,28,N/A,NAO-VCC-4Z,1.7620306864886794,-14855.055431981544,-14855.055431981504,-12607.431078509562,-12607.431078509519,3.4213624096335327e-13,62.128896951675415,10.183561325073242,13.300883769989014
PBE,PBE,28,N/A,NAO-VCC-4Z,1.6620306864886796,-14855.021697725897,-14855.02169772587,-12607.38389578254,-12607.383895782512,1.3594817521722647e-14,63.04452085494995,10.365586280822754,13.589231491088867
PBE,PBE,28,N/A,NAO-VCC-4Z,1.5620306864886795,-14854.953799238929,-14854.953799238878,-12607.271560429335,-12607.271560429283,7.552676400957026e-15,65.6057665348053,10.530761003494263,13.828294277191162
PBE,PBE,28,N/A,NAO-VCC-4Z,1.4620306864886796,-14854.833434632585,-14854.833434632728,-12607.131850212332,-12607.131850212476,-2.7340688571464436e-13,65.58114457130432,10.694952487945557,13.887652158737183
PBE,PBE,28,N/A,NAO-VCC-4Z,1.3620306864886795,-14854.633338052712,-14854.6333380528,-12606.889117499739,-12606.889117499826,1.1706648421483391e-13,66.02597332000732,10.767346382141113,14.063717126846313
PBE,PBE,28,N/A,NAO-VCC-4Z,1.2620306864886794,-14854.311673808057,-14854.311673808146,-12606.547772943377,-12606.547772943472,-8.005836985014448e-14,66.11101984977722,10.943996906280518,14.302207708358765
PBE,PBE,28,N/A,NAO-VCC-4Z,4.362030686488679,-14854.85804363102,-14854.858043630902,-12607.539247545472,-12607.539247545355,-3.289190572616785e-13,47.35213088989258,7.8982932567596436,10.170466184616089
PBE,PBE,28,N/A,NAO-VCC-4Z,4.2620306864886786,-14854.860163785761,-14854.860163785868,-12607.534500996262,-12607.534500996375,-2.0807623484636608e-13,47.35539364814758,7.916166067123413,10.149678230285645
PBE,PBE,28,N/A,NAO-VCC-4Z,4.162030686488679,-14854.862535009315,-14854.862535009312,-12607.521569189406,-12607.5215691894,-4.531605840574215e-15,47.90326547622681,8.036130428314209,10.39703917503357
PBE,PBE,28,N/A,NAO-VCC-4Z,4.062030686488679,-14854.865192988944,-14854.865192988937,-12607.52510202468,-12607.52510202468,3.863193979089519e-13,48.31176567077637,8.102457046508789,10.297842741012573
PBE,PBE,28,N/A,NAO-VCC-4Z,3.962030686488679,-14854.868164119302,-14854.868164119209,-12607.50727633249,-12607.507276332399,-2.4244091247072056e-13,48.361682415008545,8.031587362289429,10.51017689704895
PBE,PBE,28,N/A,NAO-VCC-4Z,3.86203068648868,-14854.871499328368,-14854.871499328248,-12607.5111317164,-12607.511131716277,-1.0460456815325481e-13,48.49248933792114,8.154283046722412,10.525100469589233
PBE,PBE,28,N/A,NAO-VCC-4Z,3.762030686488679,-14854.875248249125,-14854.875248249122,-12607.501930599683,-12607.50193059968,-1.5860620442009756e-13,49.20592212677002,8.268019199371338,10.776484489440918
PBE,PBE,28,N/A,NAO-VCC-4Z,3.662030686488679,-14854.879455486223,-14854.879455486318,-12607.494588922847,-12607.494588922942,-7.099515816899604e-14,49.898608922958374,8.278933763504028,10.803752899169922
PBE,PBE,28,N/A,NAO-VCC-4Z,3.5620306864886793,-14854.884189310518,-14854.884189310511,-12607.491551671628,-12607.491551671625,-2.054327981060311e-13,49.97400665283203,8.522518157958984,10.89077091217041
PBE,PBE,28,N/A,NAO-VCC-4Z,3.4620306864886787,-14854.889515585168,-14854.889515585193,-12607.494837165757,-12607.494837165777,6.042141120765621e-15,50.17186689376831,8.42894959449768,10.905810594558716
PBE,PBE,28,N/A,NAO-VCC-4Z,3.362030686488679,-14854.895507158793,-14854.89550715872,-12607.487128391176,-12607.487128391094,-5.777797446732124e-14,50.631446838378906,8.420285701751709,11.065887689590454
PBE,PBE,28,N/A,NAO-VCC-4Z,3.2620306864886794,-14854.90224998086,-14854.90224998081,-12607.484120102614,-12607.484120102565,-2.537699270721561e-13,50.77798581123352,8.593177556991577,11.102054834365845
PBE,PBE,28,N/A,NAO-VCC-4Z,3.162030686488679,-14854.908989940297,-14854.908989940266,-12607.480692689036,-12607.480692689001,5.166030658254606e-13,51.386205434799194,8.576381206512451,11.08096432685852
PBE,PBE,28,N/A,NAO-VCC-4Z,3.0620306864886793,-14854.917509300456,-14854.91750930037,-12607.47322889047,-12607.473228890385,1.355705413971786e-13,51.97445225715637,8.697164297103882,11.40922212600708
PBE,PBE,28,N/A,NAO-VCC-4Z,2.9620306864886796,-14854.927063681369,-14854.927063681316,-12607.473567947487,-12607.473567947432,1.774878954224901e-14,53.00801682472229,8.875762462615967,11.571639060974121
PBE,PBE,28,N/A,NAO-VCC-4Z,2.862030686488679,-14854.937743138547,-14854.937743138493,-12607.482232120285,-12607.48223212023,-1.1026907545397258e-13,53.93848204612732,9.02095627784729,11.776614904403687
PBE,PBE,28,N/A,NAO-VCC-3Z,2.6620306864886794,-14854.861071883679,-14854.861071883683,-12607.3981433777,-12607.398143377704,-9.818479321244133e-15,25.329167366027832,3.540832757949829,4.543946981430054
PBE,PBE,28,N/A,NAO-VCC-3Z,2.7620306864886794,-14854.847616885903,-14854.847616885903,-12607.385425798151,-12607.385425798151,6.042141120765621e-14,25.33145546913147,3.515592098236084,4.5760838985443115
PBE,PBE,28,N/A,NAO-VCC-3Z,2.5620306864886793,-14854.875765619894,-14854.875765619894,-12607.403064566071,-12607.403064566071,-5.2491100986651334e-14,25.334677696228027,3.6154274940490723,4.601901531219482
PBE,PBE,28,N/A,NAO-VCC-3Z,2.462030686488679,-14854.89158623956,-14854.891586239559,-12607.406985903235,-12607.406985903232,8.534524333081439e-14,25.525893449783325,3.6390035152435303,4.680808782577515
PBE,PBE,28,N/A,NAO-VCC-3Z,2.362030686488679,-14854.90826179274,-14854.90826179275,-12607.40624180499,-12607.406241805002,-1.8881691002392566e-15,25.543611764907837,3.6278021335601807,4.669702529907227
PBE,PBE,28,N/A,NAO-VCC-3Z,2.262030686488679,-14854.925255445067,-14854.92525544506,-12607.40884148734,-12607.408841487333,-3.625284672459372e-14,25.677572011947632,3.6403300762176514,4.799080848693848
PBE,PBE,28,N/A,NAO-VCC-3Z,1.9620306864886794,-14854.965869877991,-14854.965869877966,-12607.402398349215,-12607.402398349192,-3.474231144440232e-14,25.690675258636475,3.749713182449341,4.836589097976685
PBE,PBE,28,N/A,NAO-VCC-3Z,2.16203068648868,-14854.941659998285,-14854.941659998292,-12607.40824949674,-12607.408249496746,1.265073297160302e-13,26.179150581359863,3.6657328605651855,4.736912965774536
PBE,PBE,28,N/A,NAO-VCC-3Z,2.0620306864886793,-14854.955988893807,-14854.955988893791,-12607.408201198818,-12607.408201198801,-5.135819952650778e-14,26.17105793952942,3.7178521156311035,4.791095972061157
PBE,PBE,28,N/A,NAO-VCC-3Z,1.7620306864886794,-14854.955846169207,-14854.955846169209,-12607.368984651464,-12607.368984651464,7.854783456995307e-14,26.619226932525635,3.809706449508667,4.903306484222412
PBE,PBE,28,N/A,NAO-VCC-3Z,1.6620306864886796,-14854.922132820853,-14854.922132820862,-12607.302208958985,-12607.302208958994,-1.8806164238382996e-13,26.80635929107666,3.7747304439544678,4.825499534606934
PBE,PBE,28,N/A,NAO-VCC-3Z,1.8620306864886793,-14854.967661511428,-14854.96766151141,-12607.386824425554,-12607.386824425535,-4.682659368593356e-14,26.88472557067871,3.745572805404663,4.890821218490601
PBE,PBE,28,N/A,NAO-VCC-3Z,1.4620306864886796,-14854.733694270102,-14854.733694270115,-12607.047210343415,-12607.047210343428,-6.382011558808687e-14,27.641629934310913,3.864591360092163,5.047098159790039
PBE,PBE,28,N/A,NAO-VCC-3Z,1.3620306864886795,-14854.533362510801,-14854.533362510841,-12606.820899369304,-12606.820899369344,3.172124088401951e-14,27.864052534103394,3.8745129108428955,5.080371856689453
PBE,PBE,28,N/A,NAO-VCC-3Z,1.5620306864886795,-14854.854187431221,-14854.854187431203,-12607.197682831615,-12607.197682831596,-1.6238254262057606e-14,28.048256874084473,3.9131217002868652,5.043982982635498
PBE,PBE,28,N/A,NAO-VCC-3Z,1.2620306864886794,-14854.212132388964,-14854.212132388968,-12606.46725034215,-12606.467250342153,5.475690390693844e-14,28.050464868545532,4.00277042388916,5.111231327056885
PBE,PBE,28,N/A,NAO-VCC-3Z,4.062030686488679,-14854.759251246542,-14854.75925124656,-12607.42809245591,-12607.428092455928,-3.663048054464158e-14,23.216938018798828,3.325119972229004,4.234564781188965
PBE,PBE,28,N/A,NAO-VCC-3Z,4.2620306864886786,-14854.7540035164,-14854.754003516411,-12607.440731951374,-12607.440731951385,9.289791973177142e-14,23.204318523406982,3.347402572631836,4.2172441482543945
PBE,PBE,28,N/A,NAO-VCC-3Z,3.86203068648868,-14854.765839334399,-14854.765839334405,-12607.418021947291,-12607.418021947298,-6.306484794799117e-14,23.216612339019775,3.3508410453796387,4.248353958129883
PBE,PBE,28,N/A,NAO-VCC-3Z,4.362030686488679,-14854.751793357593,-14854.75179335756,-12607.450035157213,-12607.450035157182,-1.4538902071842274e-13,23.19721746444702,3.339195728302002,4.275985956192017
PBE,PBE,28,N/A,NAO-VCC-3Z,4.162030686488679,-14854.756476765679,-14854.756476765666,-12607.437653689354,-12607.437653689341,3.776338200478513e-15,23.178598642349243,3.3606011867523193,4.264916181564331
PBE,PBE,28,N/A,NAO-VCC-3Z,3.762030686488679,-14854.769757093336,-14854.769757093358,-12607.41484816836,-12607.414848168382,7.061752434894819e-14,23.205630779266357,3.384234666824341,4.300276517868042
PBE,PBE,28,N/A,NAO-VCC-3Z,3.662030686488679,-14854.774152566966,-14854.774152566994,-12607.4117836518,-12607.411783651827,-2.7567268863493145e-14,23.21884059906006,3.3789706230163574,4.347782135009766
PBE,PBE,28,N/A,NAO-VCC-3Z,3.962030686488679,-14854.762355496423,-14854.762355496421,-12607.419326728275,-12607.419326728272,-2.2658029202871078e-14,23.189571619033813,3.3999171257019043,4.323680639266968
PBE,PBE,28,N/A,NAO-VCC-3Z,3.5620306864886793,-14854.779094564816,-14854.779094564796,-12607.403589773072,-12607.403589773054,-4.002918492507224e-14,23.453980445861816,3.3791654109954834,4.403769254684448
PBE,PBE,28,N/A,NAO-VCC-3Z,3.4620306864886787,-14854.784650933756,-14854.78465093376,-12607.397639223149,-12607.397639223153,-2.5301465943206036e-14,23.43581247329712,3.4343810081481934,4.461357355117798
PBE,PBE,28,N/A,NAO-VCC-3Z,3.2620306864886794,-14854.79789829034,-14854.797898290344,-12607.389027810214,-12607.389027810219,-1.812642336229686e-14,23.69148898124695,3.4478375911712646,4.379843235015869
PBE,PBE,28,N/A,NAO-VCC-3Z,3.362030686488679,-14854.790890120115,-14854.790890120115,-12607.396491380074,-12607.396491380076,-2.4546198303110333e-14,23.571654558181763,3.428356409072876,4.488648891448975
PBE,PBE,28,N/A,NAO-VCC-3Z,3.162030686488679,-14854.80576019738,-14854.805760197405,-12607.39560328109,-12607.395603281115,-7.439386254942671e-14,23.794501066207886,3.5616469383239746,4.457324028015137
PBE,PBE,28,N/A,NAO-VCC-3Z,2.9620306864886796,-14854.824427610878,-14854.82442761088,-12607.394923673754,-12607.394923673757,4.41831569455986e-14,23.7597758769989,3.4837470054626465,4.426713466644287
PBE,PBE,28,N/A,NAO-VCC-3Z,3.0620306864886793,-14854.814571479874,-14854.81457147986,-12607.392256478937,-12607.392256478925,-6.835172142866109e-14,23.930503606796265,3.5449910163879395,4.486032247543335
PBE,PBE,28,N/A,NAO-VCC-3Z,2.862030686488679,-14854.835416581915,-14854.835416581911,-12607.388554257635,-12607.388554257632,-2.6434367403349592e-14,24.530287504196167,3.569032907485962,4.5683324337005615
PBE,PBE,4,N/A,NAO-VCC-3Z,0.0,-7427.375803921118,-7427.375803921118,-2035.8399947808211,-2035.8399947808211,3.398704380430662e-15,13.268479108810425,1.6348114013671875,1.934309482574463
PBE,PBE,4,N/A,NAO-VCC-4Z,0.0,-7427.429117033401,-7427.429117033452,-2035.9063389010958,-2035.9063389011417,-1.06681554163518e-13,23.208590269088745,3.437760829925537,4.561988353729248
PBE,PBE,4,N/A,NAO-VCC-5Z,0.0,-7427.442286874702,-7427.442286874689,-2035.9409623473698,-2035.9409623473503,-9.818479321244133e-15,55.198686599731445,9.656831979751587,12.807565212249756
PBE,PBE,10,N/A,NAO-VCC-3Z,0.0,-7427.375803921113,-7427.375803921112,-3096.0271890320946,-3096.0271890320937,2.7189635043445295e-14,13.155772924423218,1.5972723960876465,1.9909946918487549
PBE,PBE,10,N/A,NAO-VCC-5Z,0.0,-7427.442286874732,-7427.44228687471,-3096.0953776629963,-3096.095377662976,-5.350599187802993e-14,55.98418951034546,9.656338930130005,12.74391484260559
PBE,PBE,10,N/A,NAO-VCC-4Z,0.0,-7427.429117033507,-7427.429117033472,-3096.0722593438554,-3096.0722593438186,-1.5690685222988222e-13,23.21397042274475,3.4252676963806152,4.530324220657349
PBE,PBE,28,N/A,NAO-VCC-4Z,0.0,-7427.429117033386,-7427.429117033455,-6304.295497623076,-6304.295497623145,-4.153972020526365e-15,24.869988679885864,3.41055965423584,4.525505065917969
PBE,PBE,28,N/A,NAO-VCC-5Z,0.0,-7427.442286874655,-7427.442286874687,-5234.643716392569,-5234.643716392602,-1.2650732971603018e-14,56.05844044685364,9.641309022903442,12.78375244140625
PBE,PBE,28,N/A,NAO-VCC-3Z,0.0,-7427.375803921103,-7427.375803921108,-6304.260648190074,-6304.260648190078,-3.776338200478513e-15,13.757098197937012,1.6292951107025146,2.034417152404785
PBE,PBE,16,N/A,NAO-VCC-3Z,0.0,-7427.375803921125,-7427.375803921118,-4165.10512561711,-4165.105125617103,-1.1329014601435539e-14,14.082803010940552,1.567016363143921,2.0160536766052246
PBE,PBE,16,N/A,NAO-VCC-4Z,0.0,-7427.429117033569,-7427.429117033466,-4165.152027109266,-4165.152027109162,-5.286873480669918e-15,23.68086886405945,3.432892084121704,4.530546426773071
PBE,PBE,16,N/A,NAO-VCC-5Z,0.0,-7427.442286874681,-7427.4422868747,-4165.168255888291,-4165.1682558883085,1.376475274074418e-13,55.740341901779175,9.574237823486328,12.758363246917725
PBE,PBE,22,N/A,NAO-VCC-3Z,0.0,-7427.375803921103,-7427.375803921116,-5234.584385644075,-5234.584385644088,1.059262865234223e-13,12.448768138885498,1.5801703929901123,2.0158586502075195
PBE,PBE,22,N/A,NAO-VCC-4Z,0.0,-7427.429117033461,-7427.429117033466,-5234.626949372703,-5234.626949372708,-1.5105352801914052e-15,24.2510187625885,3.4157907962799072,4.5083723068237305
PBE,PBE,22,N/A,NAO-VCC-5Z,0.0,-7427.442286874743,-7427.44228687471,-5234.64371639251,-5234.643716392477,-9.629662411220208e-14,55.717687368392944,9.710286378860474,12.77872610092163
